personid,expgroup,performance,performance_pre,age,grosswage,children,commute,married
3906,1,0.28289628,0.084573008,33,2.7375467,1,180,1
4122,1,0.73823762,0.000449883,30,4.0962458,0,180,0
4448,0,0.47159928,0.45590964,35,4.2692962,1,100,1
4942,1,-0.25370544,0.91850978,27,5.2953954,0,160,1
5018,1,-0.60636842,-0.37744349,29,1.3875899,1,240,1
5560,2,1.3322728,0.91354454,29,4.420188,1,50,1
5614,1,0.42784104,0.36998031,32,3.8260088,0,80,1
5784,2,-2.081949,-1.8467853,31,2.9404178,0,160,0
6162,2,0.74584556,0.5602625,31,3.8107321,0,120,0
6278,0,-0.10181741,-0.040052831,32,2.9187889,1,170,1
6300,2,-1.1805261,0.29836714,33,3.3604422,0,80,0
6342,2,-0.44975623,-0.023077782,30,3.923372,1,120,1
6344,2,1.4397861,0.42475712,27,4.5168571,1,120,1
6362,0,-0.62006259,0.65531898,29,4.8947082,1,200,1
6364,0,-0.15948412,1.4090424,26,6.2207456,1,180,1
7068,0,-0.98519993,0.27069876,28,4.3418241,0,40,1
7076,0,0.27197054,0.001532828,30,2.66415,1,120,1
7132,2,-0.40577629,-0.19435909,22,3.6314757,0,50,0
7184,2,1.0918878,1.5682608,27,4.2302675,0,120,1
7454,2,-0.47617832,-0.22397614,24,2.0513732,0,85,1
7488,1,1.2493356,0.45098305,25,3.0722089,0,240,0
7720,0,-0.44645497,-0.68709767,25,3.0483878,0,180,0
8522,0,0.048102301,0.23950015,30,4.1922421,1,120,1
8834,0,0.84048772,0.32067874,22,3.6427166,0,60,0
8854,1,0.96376872,0.65077931,22,4.2592611,0,60,0
8980,1,-1.132902,-0.031765454,25,1.9734234,0,120,0
9070,2,1.1879385,0.82980877,23,4.0421543,0,60,0
9106,2,-1.3755672,-1.3841063,23,3.6806667,0,20,0
9460,2,0.41981685,1.2603998,23,5.8756423,0,40,0
9710,0,-0.0594288,-0.7188639,33,3.9029267,0,120,1
10024,2,0.45094585,0.37736371,26,3.3279943,1,230,1
10098,0,-1.0678972,0.076348521,28,4.3152037,1,180,1
10226,1,-0.18998504,-0.25819916,22,3.3343222,0,60,0
10356,1,0.16630831,0.2486563,27,3.7967179,0,60,0
10450,2,-1.6787047,-1.1108553,27,4.5207467,0,180,0
10794,1,1.1161209,1.0376455,32,4.1691942,1,120,1
10822,1,1.2743901,0.60906583,26,2.9962699,0,70,1
10868,2,-0.59338403,-2.2348683,30,1.4717622,1,130,1
11348,0,-0.8844313,-0.84507102,25,2.7525179,1,120,1
11362,2,-0.61242259,0.45027253,27,3.9455733,1,180,1
11390,0,0.54051858,0.87652707,31,4.7715454,0,60,1
11582,2,-0.83969444,-0.41945389,22,3.71543,0,50,0
11814,2,0.86835694,0.99927545,24,5.9308381,0,50,0
11868,1,-0.46452656,0.15984595,30,2.7679133,0,120,0
11896,2,-1.4574376,1.0814639,29,3.5289278,1,120,1
12150,2,-1.9067485,-0.084294781,33,2.9225345,1,150,1
12306,0,-0.94168812,-0.89031291,24,3.4949443,0,180,0
12350,2,0.69662958,0.9387157,29,4.3548565,1,180,1
12426,0,-3.0309365,-0.69657344,30,2.8134468,0,60,1
12896,0,0.21159399,0.34794605,26,4.3952889,0,150,1
12974,1,0.39157498,0.046489317,22,3.8363302,0,20,0
13056,2,-1.0477072,-1.8717821,28,2.136348,0,60,0
13118,2,-1.7530164,-0.69761181,22,2.8010588,0,125,0
13484,2,-1.4217312,-0.16431208,25,2.7452157,0,90,0
13486,2,-2.1783602,-2.3465269,23,2.3599699,0,10,0
13530,1,-0.047276225,-0.211109,29,2.9978867,0,100,0
13574,1,2.205483,1.4744812,30,4.1970549,1,190,1
13710,0,0.037181843,0.34256855,30,3.8624947,1,120,1
13980,0,0.73175788,0.7973299,28,4.4680867,0,120,0
14048,1,0.29285932,0.59494865,28,3.6995213,1,180,1
14220,0,0.65415722,0.85970801,28,2.7996411,1,240,1
14266,2,-0.29927182,0.1682355,26,3.0967278,0,60,1
14374,0,-0.090554394,-0.050977934,28,3.3623633,0,2.5,0
14382,0,0.95681667,0.66237736,26,5.1260633,1,190,1
14384,0,0.22371207,0.032493778,32,3.6653888,0,180,0
14522,1,-0.77942199,-0.96803975,29,3.4024889,0,40,0
14528,1,0.76418632,0.24274956,28,2.6626198,1,65,1
14532,1,0.53640419,0.25117934,26,2.9423811,0,120,0
14556,0,1.1533629,1.0712498,26,3.7961645,1,120,1
14678,1,0.14900902,-1.0820868,26,3.7973533,0,60,1
14682,2,-0.68861347,-0.76727194,23,3.9770288,0,80,0
14724,2,1.0039923,1.8759282,24,5.9590802,0,30,0
14926,2,0.63863313,0.967318,28,4.9257622,0,20,0
15294,1,1.085644,0.57131052,25,3.7159467,0,80,0
15444,0,-0.059380807,0.088463545,27,3.27178,0,120,1
15452,2,0.14185564,-0.098787718,26,2.6629901,0,30,0
15704,2,-0.071489662,-0.31261006,27,2.8402689,0,150,1
15862,2,-1.2787908,-1.200807,26,3.8316634,0,80,0
16104,2,-1.6448456,-0.54745781,28,3.7076747,0,120,1
16334,0,-0.64249092,0.91783959,30,3.4295022,1,240,1
16422,0,-1.6274393,-0.71160841,29,2.2396276,1,90,1
16424,0,-0.56469876,0.050123475,22,3.1301768,0,180,0
16514,1,0.11748827,-0.23630759,28,2.3920667,0,70,0
16518,2,-0.59215391,1.2951542,27,3.2689991,0,180,0
16594,0,0.2002901,0.71361494,29,3.6042979,1,160,1
16596,1,0.66911739,1.1186299,34,4.7260346,1,40,1
16654,2,-0.53165746,-0.28463697,29,2.6660111,1,90,1
16806,2,-1.5009439,-0.83374941,28,2.4147966,1,120,1
16812,2,-0.12155089,-0.31947276,24,3.0640123,0,80,0
17014,2,-1.5698314,0.10700614,27,4.1354113,0,120,0
17058,0,-0.7340892,-0.9042781,23,2.6229999,0,140,0
17160,0,0.30912352,0.46139476,27,3.3902433,1,180,1
17166,2,0.27238262,0.004728772,27,4.1173334,0,180,0
17172,0,-0.69071811,0.40110621,28,4.6419311,0,240,0
17274,2,-0.13202278,0.4577381,26,3.1348279,1,120,1
17386,2,-1.2060754,-0.97297597,23,2.3342412,1,120,1
17668,2,-1.31467,-1.0365653,23,3.9913411,0,40,0
17714,2,-0.95325071,-0.11233142,29,2.8260889,1,40,1
17722,1,-1.2853856,-1.0573406,24,4.1951799,0,120,0
17752,1,0.35670224,0.4628152,25,3.5489633,0,60,0
17812,0,-0.40717357,-0.19020593,28,4.7051601,1,150,1
17906,1,0.26825309,-0.78147089,27,2.5038145,0,210,1
17908,2,-1.4310712,-1.3649949,27,3.1488588,1,105,1
17926,2,-0.56885934,0.39307117,25,4.0380645,0,20,0
18112,1,0.38036275,-0.061767481,27,2.7862556,0,120,0
18494,0,-0.40341794,-0.50067818,31,3.2129254,0,180,0
18502,0,-0.29144666,-0.72984731,26,2.3131669,0,210,1
18634,2,0.10863324,0.14837559,23,3.4158845,0,120,0
18776,2,1.5154481,1.0395719,22,4.1839623,0,60,0
18786,2,-0.73010838,-0.34898311,27,2.2973602,0,90,1
19012,2,-0.47128451,-0.010320373,27,1.8491844,1,90,1
19028,2,0.34989443,0.92267793,23,3.5295444,0,120,0
19140,2,0.80873179,-0.026746901,23,3.1589513,0,30,0
19144,2,-1.0510818,0.5226723,20,3.8351867,0,30,0
19146,2,-0.42737731,0.64487404,21,3.3134155,0,80,0
19266,2,0.81296253,0.79221594,22,4.0709419,0,65,0
19470,0,0.51122117,0.011098285,25,3.5001233,0,60,0
19482,1,-0.95363635,-0.071804918,23,2.7133322,0,180,0
19684,0,-0.61138296,-0.35024676,22,2.7337523,0,180,0
20386,2,-0.73579013,0.43444785,26,2.953568,0,70,1
21068,2,0.74477136,1.1596433,25,3.7650187,0,60,0
21126,2,-1.3837925,-0.53353733,25,2.4348133,0,120,0
21142,2,-1.6465424,-0.29963693,25,3.663141,0,130,1
21472,2,-0.77152473,0.38777176,24,2.5875034,0,70,0
21474,2,-0.36275116,-0.26747805,25,2.7566977,0,100,0
21604,0,0.059159901,-0.14736283,24,3.0380278,0,200,0
21614,2,-0.64923447,-0.28268334,25,2.9098122,0,110,0
21622,2,-0.3565692,0.082909234,25,3.3491721,0,30,1
21648,0,-0.87316746,-0.57803303,26,2.6443167,1,75,1
21654,1,0.85732853,0.62046653,29,4.1014285,0,80,0
21710,1,-0.7477656,-0.46703142,30,2.6169801,0,90,1
21746,2,-0.3193579,0.043703545,21,2.8369355,0,90,0
22022,0,-0.71328473,0.61049986,22,3.4560156,0,120,0
22130,2,-1.5486679,-0.86473614,25,2.5165932,0,80,0
22140,2,-1.3623704,-1.1721945,25,3.8671577,0,40,1
22284,1,0.50563526,0.62982976,21,3.4786634,1,45,1
22290,2,-0.42184621,-0.39368215,26,2.72949,1,80,1
22456,2,-0.60372698,0.34570426,21,3.5803354,0,60,0
22706,2,0.56267262,0.44474384,26,3.2608311,0,60,1
22878,2,-0.2709654,-0.46901467,27,2.5484579,0,120,0
23126,0,0.64812505,1.1817473,23,4.2542796,0,95,0
23136,1,-0.17407422,0.12801115,22,3.1753633,0,60,0
23228,1,1.2161572,0.87539351,23,3.9816256,0,40,1
23516,2,-0.29124084,-0.21368292,24,3.3576355,0,60,0
23622,1,1.5713433,1.3078856,25,4.1304722,0,120,0
23686,2,-0.24620004,-0.39887717,20,2.8571634,0,180,0
23742,0,-0.75048006,-0.630301,21,2.5448833,0,240,0
23772,1,-0.042336151,-0.40484375,21,3.6291912,0,40,0
24142,1,1.4030797,1.1921102,29,4.9450345,0,180,0
24146,0,-1.0754538,-0.66670072,24,3.2050078,0,150,0
24322,2,-1.251853,-1.4208547,23,3.5393789,0,30,0
24324,1,-1.286516,-0.27646011,23,2.5267766,0,35,0
24328,2,-0.5966565,0.32074082,24,3.0627234,0,40,0
24340,2,-1.2415035,0.44810531,23,3.5642712,0,40,0
24608,1,-0.32827559,-0.62254584,34,3.8289921,1,20,1
25056,0,-0.21629551,-0.2744104,23,2.8689067,0,40,0
25074,2,-1.2272005,0.35808685,21,3.7054734,0,30,0
25084,2,-1.6563666,-1.7056861,24,2.0531211,0,90,0
25094,2,-0.24372138,-0.40017989,25,3.0681798,0,140,0
25258,0,-0.19756317,-0.13678674,26,3.4368823,0,120,0
25520,1,-0.7363379,-0.76568514,24,3.6391969,0,60,0
25532,1,-0.34203726,-0.44592518,25,3.3970912,0,180,0
25620,2,-1.0874932,-0.56090474,23,2.8754656,0,90,0
25622,2,-0.24733199,0.062071014,20,2.8584857,0,80,0
25628,1,0.98725742,0.70293033,24,3.0696712,0,120,0
25638,1,-0.11875881,0.044456609,26,2.7953246,0,120,0
25700,1,-0.7827912,-0.7591874,27,3.1886568,0,30,0
25864,0,0.7863248,0.53227252,20,4.3348713,0,40,0
25940,1,-0.68818724,0.52405357,24,3.5226889,0,100,1
25962,1,-0.32238331,-0.23957241,24,3.6365478,1,80,1
26328,1,-1.045475,-1.2317928,22,3.6299655,0,30,0
26618,1,-1.0995302,-0.78081286,24,3.6763389,0,40,0
26634,0,-0.040162601,0.41352496,26,2.8049321,0,60,0
26906,0,-1.1636821,0.009408872,24,3.2975867,0,40,0
26934,1,0.75511724,0.34132719,24,3.4246302,0,120,0
27180,2,-0.19891565,0.79352915,23,3.6185167,0,80,1
27234,2,0.86512506,1.1949934,24,3.5235732,0,60,0
27540,2,-1.3426915,-1.50455,27,3.0060413,0,90,0
27704,0,0.24592848,0.42826033,26,2.6993911,0,30,0
27772,2,0.89784259,-0.24208914,24,3.3379233,0,100,0
27844,2,-1.3579067,-1.1490374,25,4.1549602,0,30,0
28190,0,-0.31928149,0.085549563,25,2.9674811,0,60,0
28204,2,-0.55526429,0.44121015,22,2.4714944,0,180,0
28224,0,-0.055397976,0.10593522,27,3.1292701,1,30,1
28226,1,-0.85774118,-0.97182977,23,2.3416898,0,120,0
28470,1,0.4146339,-0.55329293,24,3.0680244,0,60,0
28484,0,0.063823856,0.12908998,23,2.09901,1,120,1
28492,1,-1.1527623,-0.92371774,24,4.2266932,0,40,0
28528,2,0.49685588,0.81558359,27,4.6637621,1,30,1
28560,0,-1.4216137,0.10675242,20,2.9997089,0,160,0
28656,2,-1.2852476,-0.5951643,23,2.2167034,0,120,1
29012,2,-1.0168248,-0.60245162,20,1.2744288,0,40,0
29024,0,-1.3520305,-0.7358923,26,2.5902634,0,160,0
29030,2,-0.63500774,0.12247834,28,2.4293523,0,180,0
29032,1,-0.81309962,-0.38984469,23,2.6952755,0,120,0
29172,0,0.50792253,0.634947,26,2.8963332,0,180,0
29192,2,0.70516866,0.69646132,29,3.8379033,0,120,0
29216,1,-0.73279583,0.40302351,26,2.9735067,0,50,0
29218,2,0.070697851,0.64942729,24,3.4329321,0,30,0
29230,1,-0.39090815,0.54962552,24,3.4854589,0,70,0
29240,2,-1.1588095,-0.33761114,25,2.5492635,0,170,0
29248,0,-0.8886674,-0.81495267,27,2.7496324,1,40,1
29558,2,-1.1859994,0.78929049,25,3.9397457,0,80,1
29594,2,0.36717793,0.71894532,23,3.6993778,0,120,0
29626,2,-1.5729125,-0.92321765,23,3.5540123,0,40,0
29746,2,0.28460795,0.68258446,23,2.9760733,0,40,0
29750,2,-0.47295791,0.099884346,22,2.7162199,0,40,0
29770,2,-1.5321171,0.20676316,24,4.3264756,0,35,0
29790,2,-0.68007481,0.12976371,22,2.5431232,0,120,0
29808,1,-2.56781E-05,-0.86989993,25,3.0939734,1,32,1
29838,2,-0.71924561,-0.55600321,26,3.9435601,1,60,1
29964,2,-0.42161515,0.14262056,26,2.4840245,1,160,1
29996,0,-0.70229691,-0.26659715,23,3.3534834,0,60,1
30002,0,-1.0593888,-0.34666067,26,3.3996856,0,200,0
30006,1,-0.87182164,-0.22568052,24,3.2888489,0,60,0
30014,1,0.020806516,0.16178729,30,4.3416367,0,50,0
30262,2,-0.16806374,0.60785532,25,3.5217209,0,40,0
30276,2,-0.20140523,-0.40326834,21,3.1930234,0,120,0
30308,1,0.5719499,0.82326567,21,3.7130811,0,50,0
30398,2,-0.41469941,-0.54805017,26,2.4336476,0,30,0
30448,1,-1.19633,-0.45293245,23,3.5930345,0,60,0
30634,2,-1.1362245,0.38734695,23,3.2355044,0,30,0
30972,1,-0.38864043,-0.67906117,27,2.8467743,0,120,0
31136,0,-0.46576527,-0.10442954,23,2.6250567,0,140,0
31150,0,-0.24766727,0.095728457,23,2.5736222,0,60,0
31206,2,-0.36465412,-0.20423296,22,2.49878,0,180,0
31230,1,-0.76511496,0.15558065,24,2.9393754,0,200,1
31292,1,1.1412451,0.7668246,27,3.6276512,0,135,0
31796,1,-0.54856455,0.83750254,24,3.8672733,0,120,1
31888,0,0.75549644,0.97445577,27,3.249639,1,180,1
31922,2,-0.15983465,0.33645469,26,2.7839034,0,35,0
31936,1,-0.17090698,-0.28226873,25,2.4034512,0,75,0
32320,0,0.005824731,0.33135656,22,4.5784731,0,60,0
32590,1,-1.4817407,-0.59988534,28,2.6732466,0,100,0
32804,0,-0.52789378,-0.2203474,23,2.4055622,0,75,0
33094,2,-1.3077489,-1.2482141,23,3.1238844,0,45,0
33128,0,-0.15081796,-0.25125659,21,3.7385809,0,80,0
33278,0,-0.14007795,-0.31524241,20,2.275409,0,180,0
33350,1,-0.77840728,-0.9045217,26,2.8910179,0,120,0
33352,2,-1.7872596,-1.4336709,20,1.8107578,0,120,0
33354,0,0.087568447,0.37143752,21,2.702929,0,135,0
33366,0,-0.56864893,0.404652,25,3.2333767,0,40,0
33406,2,-1.0453409,-0.092345588,28,2.5894167,0,60,0
33410,2,-0.99768186,-0.14113751,25,2.6481922,1,14,1
33874,2,-0.42283911,-0.11658895,22,2.8625379,0,24,0
34396,2,-1.1450118,-1.4470109,24,3.7040522,0,40,0
34526,2,-1.0275688,-0.42651108,27,2.3073802,1,180,1
34890,0,-0.620704,-0.58820438,24,2.2445667,0,200,0
34956,2,-1.3327494,-0.56146455,23,2.1504068,0,16,0
35006,0,-0.38183868,-0.075300135,23,2.41485,0,10,1
35344,1,0.80776411,0.43649644,22,2.8727365,0,60,0
35408,0,0.018137773,0.4941864,27,3.5163388,1,180,1
35760,2,-1.220034,-0.81275809,24,3.7003267,0,2.5999999,1
35822,0,-0.83485264,-0.71843868,27,3.5905633,0,120,0
36032,1,0.13813949,-0.05893892,22,2.3757291,0,120,0
36060,2,-0.41646811,-0.78179502,24,2.2917278,0,35,0
36288,0,-0.13733521,0.41313937,25,2.84852,0,30,0
36306,1,-0.073541924,-0.6215266,26,3.2344944,0,80,0
36314,0,0.62616146,0.51428294,23,2.7280767,0,75,0
36318,2,1.0159365,1.2799393,26,3.2498155,0,120,0
36494,1,-0.72132891,-0.71516055,23,2.1946733,0,40,0
36908,1,0.3903172,0.36568537,23,2.7428231,0,60,0
37276,0,-1.0240356,0.003661253,22,3.0966489,0,90,0
37292,0,-0.17421824,0.014250415,21,2.5126977,0,180,0
37294,1,0.47120082,-0.03769717,20,2.2425222,0,80,0
37296,1,-0.58302444,-0.1201145,29,2.5851912,0,80,0
37784,1,0.099304408,0.37780115,19,2.465909,0,105,0
37798,0,-0.5801844,-0.047367483,21,4.0997667,0,20,0
37804,1,-1.1362374,-0.023898713,21,2.4997599,0,120,0
37812,0,-0.039085891,0.40975997,26,2.5612578,0,180,0
37824,2,-0.073081911,0.34887341,19,2.687099,0,20,0
37828,0,-0.46969032,-0.37779152,23,3.4578824,0,60,0
37840,1,-0.33444458,-0.20379853,18,1.98746,0,30,0
38018,1,-0.77836788,0.12782851,25,2.4711423,0,120,0
38022,1,-0.70219392,-0.065893233,18,1.9928434,0,20,0
38024,2,0.94682163,-0.16710941,25,2.6940653,0,40,0
38028,1,1.6351235,1.2408035,21,4.081461,0,20,0
38030,2,-1.0235006,-0.38228357,27,2.2042091,0,240,0
38034,2,-1.2453079,-0.51667172,19,1.8545834,0,40,0
38036,0,-1.6908995,-0.79721391,18,1.9276143,0,120,0
38038,1,-0.31507087,-0.062686689,35,3.7505789,1,50,1
38040,1,0.11088655,0.15841934,22,2.4195065,0,120,1
38042,1,-0.94148272,-0.49006405,20,2.1565979,0,180,0
38046,0,-0.67371649,-0.37941298,21,2.5232611,0,180,0
38052,1,-0.08543276,0.05756535,18,2.0711598,0,90,0
38070,1,-0.8491447,-0.17907135,18,2.1282835,0,180,0
38074,0,-0.52206731,0.20807445,27,2.3509421,1,140,1
38076,2,-0.54460454,-0.48474342,23,3.7066898,0,60,0
38290,1,0.31043136,-0.087636046,21,2.2940667,0,20,0
38552,0,-1.0306605,-0.4631035,23,3.5765367,0,30,0
38566,1,0.6470803,0.22880225,22,2.6179056,0,300,1
38580,1,0.87686503,0.82021827,22,3.1737044,0,150,0
38712,1,0.34279171,0.10436352,22,2.408632,0,60,0
38842,0,-2.605973,-0.21442062,19,2.0195177,0,140,0
38862,0,-0.54256821,-0.25767687,19,2.0092523,0,20,0
38868,2,-0.82208472,0.1628156,22,2.5090065,0,93,0
38874,2,-0.66343099,-0.35031548,19,1.9677378,0,240,0
38878,1,0.82852674,0.63494962,25,2.7521698,0,180,0
38888,2,-0.12053904,-0.046171516,19,2.2233968,0,240,0
38896,2,-0.54123527,-0.53018248,18,2.0856776,0,20,0
38898,1,0.37091333,0.1211164,22,2.3294411,0,30,0
39048,2,-0.6931107,0.22100209,22,2.6040044,0,50,0
39094,2,-1.0994827,-0.33216351,22,2.432162,0,60,0
39096,1,0.022200564,0.23334491,25,2.4575953,0,200,0
39098,2,-1.0216494,-0.003629988,22,2.4851246,0,90,0
39116,2,0.19990185,0.39843991,18,2.3208389,0,90,0
39136,2,-0.56881392,-0.40298349,18,2.141531,0,300,0
39144,0,0.095496282,0.20614433,18,2.307771,0,135,0
39164,0,-0.05752359,-0.21772946,19,1.9574367,0,60,0
39430,2,-0.73197705,-0.023632925,22,2.5638165,0,150,0
39458,0,-0.0995996,-0.31212568,21,2.0327144,0,180,0
39466,0,-0.2191744,-0.15133192,19,2.3777688,0,90,0
39478,0,-0.59236425,0.15249737,22,2.4869344,0,140,0
39490,0,0.35057124,0.5906688,23,2.8580811,0,80,0
39500,2,-0.72484469,-0.34726763,24,2.4607244,0,110,0
39502,0,-0.8861652,-0.35917324,19,2.1813598,0,180,0
39512,1,0.20290641,0.2523199,19,2.7819822,0,120,0
39516,2,0.10740677,0.39960328,23,2.7643232,0,90,0
39524,2,-0.6448549,-0.027632469,21,2.1915989,0,20,0
39530,1,-1.3469224,-0.12125172,21,2.7322366,0,180,0
39540,2,0.091564082,1.1229138,20,3.392601,0,180,0
39548,1,0.009751733,-0.097418249,26,2.2523489,0,120,0
39626,2,0.084330678,0.38962492,21,2.5800779,0,35,0
39634,1,1.2433604,1.5389206,20,3.3516254,0,28,0
39748,0,0.24432969,0.41374972,22,2.5558746,1,60,1
39754,2,-1.022216,-0.17670363,21,2.9838223,0,40,0
39798,2,-0.80254072,-0.074847013,18,1.9838089,0,30,0
39938,2,-0.002785296,1.1988701,23,2.7840788,0,60,0
39942,1,0.043762628,-0.64123964,28,2.2076132,1,100,1
39972,2,0.26440516,0.15967765,23,2.5542045,0,40,0
39990,1,-0.34643254,-0.29207823,24,2.6146433,0,40,0
40008,0,-0.12242322,0.73815203,20,2.6680057,0,120,0
40018,2,-0.24237356,0.017773999,22,2.4765911,0,120,0
40034,0,-0.23483653,0.092525721,19,2.4618301,0,300,0
40062,1,-0.13622242,0.24164101,23,2.2496743,0,170,1
40076,0,-1.4861616,-0.34249765,24,2.0681224,0,140,0
40162,0,-0.090084456,0.14284535,21,2.5025301,0,120,0
40164,1,-0.24900542,0.56958377,22,2.7391,0,180,0
40174,0,-1.4180238,0.071697332,28,2.4065824,1,30,1
40192,1,0.24816018,0.24561636,23,2.4117811,0,180,0
40316,1,0.48431841,0.22923808,25,2.5293367,0,60,0
40318,2,-0.30943424,0.22499478,23,2.6573532,0,60,0
40320,1,-1.1892521,-1.1420957,25,3.1419656,1,30,1
40322,1,0.012786676,0.14893954,24,2.4230156,0,80,0
40328,1,0.10535859,0.94877285,22,2.8085544,0,40,0
40334,0,0.60687065,0.2764667,23,3.0268366,0,200,0
40336,0,-0.80702722,-0.55907291,25,1.8216889,0,120,0
40346,0,-1.4717058,-0.37161943,22,2.3013978,0,120,0
40444,1,0.70670128,0.66815186,34,4.5790925,1,240,1
40456,0,0.15819387,0.26799712,23,2.9682412,0,40,0
40472,1,0.73661727,0.48244968,25,2.7997401,0,90,0
40490,1,-0.11804115,-0.094636105,21,2.2997365,0,200,0
41100,2,0.49711016,0.14475405,23,2.6378334,0,140,0
41156,2,-0.704799,0.4116751,20,2.4484098,0,60,0
41274,2,-0.71613008,-0.2319252,21,2.30598,0,60,0
41278,2,-0.55369252,-0.11688087,24,2.3615975,0,20,0
41286,1,-0.2232734,-0.02529658,23,2.2320545,0,60,0
41304,2,-0.62548375,-0.49294722,22,2.3107343,0,2,0
41318,1,-0.012958862,-1.2596043,22,2.8944988,0,150,0
41320,1,-0.61005628,-0.31906465,22,2.0357277,0,160,0
41332,0,-1.593558,-0.39211935,22,2.2184744,0,70,0
41334,2,-0.19123812,-0.25285846,23,2.3744655,0,120,0
41340,2,0.29902825,-0.2806561,25,2.0534735,0,60,1
41344,2,-0.42296723,-0.37351438,24,2.2516668,0,40,0
41818,1,-0.42926973,-0.12134121,23,1.5676389,0,40,0
42096,0,-2.1337552,-0.36624923,23,1.9338323,0,60,0
42098,2,-1.0122516,-0.044321816,21,2.1436677,0,20,0
42104,1,-0.49606562,-0.33475247,21,2.0368733,0,20,0
42108,1,0.44714886,0.33541527,23,2.180999,0,165,0
42112,2,0.098750725,-0.14875236,22,2.2019689,0,60,0
42140,0,0.97583425,-0.07073494,25,2.0991511,1,120,1
42146,0,0.015263416,-0.04130923,21,2.6055667,0,155,0
42152,0,0.090847306,0.17874916,25,2.2796545,0,120,0
42308,1,-0.59001195,-0.11561139,23,2.1777735,0,190,1
42350,2,-0.012373146,-0.096313052,27,2.1230488,0,90,1
42584,2,-1.6331452,-1.6277931,21,2.4338334,0,25,0
42592,1,-0.21126534,0.042018514,23,2.1660967,0,120,0
42594,2,-0.4029415,-0.31454426,20,2.0382111,0,90,0
42618,1,-1.071727,-0.95753944,22,2.4991667,0,30,0
42624,1,0.6852777,0.32374704,23,2.1169591,0,180,0
42628,1,-0.03881922,-0.37955287,22,2.6698179,0,140,0
42632,0,-0.15094399,0.12251674,21,2.1365278,0,210,0
42634,0,-0.82166517,-1.0077969,20,2.3890445,0,20,0
42682,0,-3.0149708,0.38023219,22,2.2165678,0,240,1
43254,2,1.1274533,-0.077869602,21,2.0256157,0,120,0
43258,0,-0.64024198,-0.8111794,22,2.5343001,0,180,0
43264,1,-0.73621076,-1.1921372,22,2.1834314,0,210,0
43270,1,-1.0688424,-0.98646373,25,2.6007185,0,180,0
43278,1,-0.10568639,-0.3989113,23,1.8964972,0,120,0
43280,2,0.62932831,0.13146006,22,2.16099,0,20,0
43286,1,-0.078662932,-0.066075318,20,2.3404601,0,20,0
43288,1,-1.4889405,-1.0929021,21,2.3061087,0,105,0
43500,0,1.316907,0.27930355,27,2.6960227,1,120,1
43514,2,-1.2544004,-1.1782786,23,2.4673429,0,80,0
43520,2,-1.1976695,-0.4932391,23,1.6894429,0,80,0
43524,0,-0.96469605,-0.96428031,24,2.34497,0,140,0
43528,2,-1.7850519,-1.468038,22,2.0830257,0,120,0
43534,1,-0.1849664,-0.63946182,23,2.3380985,0,180,0
43538,2,-1.0220517,-0.52250844,27,2.2302721,1,90,1
43542,2,-0.79977494,-0.27729517,28,1.9261174,1,30,1
43556,2,-0.75359112,0.28246206,26,2.3313868,0,40,1
43570,0,-0.93426406,-0.8791104,18,2.4264233,0,180,0
43926,1,-0.62675142,-0.6409058,22,2.8931179,0,50,0
43952,2,-1.0274526,0.071959049,24,2.2289779,0,140,0
44256,0,-0.80292869,-0.76875973,21,1.8639133,0,120,0
44266,1,-0.7820183,-1.1966077,19,2.1462648,0,55,0
44282,0,-0.26830268,-0.31786045,20,1.9008915,0,240,0
44408,1,0.41094193,-0.33302879,22,1.6431301,0,180,0
44782,1,0.057903696,-0.13177224,23,2.7881098,0,60,0
44784,1,-0.51251823,-0.74381763,31,2.4996901,0,30,0
44794,0,-1.961498,-1.0718768,23,2.4931734,0,40,0
44800,0,-0.54041982,-0.36135009,25,2.74229,0,120,0
45238,1,0.69491816,-0.044172138,22,1.6785461,0,40,0
45254,0,-1.1610111,-1.1018978,23,1.908324,0,210,0
45442,0,-1.0220587,-0.9931348,22,2.4788702,0,40,0
47274,2,-0.40864393,-0.89072782,24,1.989655,0,40,0
103790,3,-1.6058017,-1.4717332,,,,,
104004,3,-0.53005153,-0.122559,,,,,
104006,3,-0.15184316,0.17634736,,,,,
104018,3,0.096567087,0.18621089,,,,,
104020,3,-0.50018895,-0.040307257,,,,,
104028,3,-0.21095634,-0.56455696,,,,,
104032,3,-0.42565814,0.053829338,,,,,
104034,3,-0.26500872,0.30593112,,,,,
104040,3,-0.79126954,-0.52293783,,,,,
104042,3,-0.88840145,-0.40609872,,,,,
104044,3,-0.30858099,0.36616144,,,,,
104046,3,-0.23449273,-0.13426244,,,,,
104054,3,-0.51381207,-0.22055142,,,,,
104058,3,-0.54882634,0.012985983,,,,,
104066,3,-0.75230634,-0.22811817,,,,,
104090,3,-0.50479424,-0.33333668,,,,,
104092,3,-0.22470024,-0.41877767,,,,,
104100,3,-0.21000777,0.16433066,,,,,
104102,3,0.07051377,0.21180518,,,,,
104104,3,0.17199495,0.73281163,,,,,
104106,3,-0.15044652,-0.35832798,,,,,
104110,3,0.39529008,0.55283767,,,,,
104112,3,-0.36148086,0.3002916,,,,,
104124,3,-0.70869493,-0.14222629,,,,,
104126,3,-0.18537501,-0.038612828,,,,,
104128,3,-0.12798011,0.060650572,,,,,
104132,3,0.37482581,0.26882911,,,,,
104134,3,-0.042775035,0.75196582,,,,,
104144,3,0.15826789,0.31119716,,,,,
104160,3,-0.087585196,0.51844949,,,,,
104176,3,0.005433194,0.75876659,,,,,
104192,3,-0.43428838,0.48982778,,,,,
104196,3,0.58456731,0.30651677,,,,,
104198,3,0.079214014,0.15150593,,,,,
104200,3,-0.090014048,0.22611132,,,,,
104208,3,-0.51124883,-0.57507139,,,,,
104212,3,2.7945395,1.5542191,,,,,
104214,3,-0.21433799,0.17644617,,,,,
104216,3,-0.50626093,-0.19586347,,,,,
104222,3,-0.49475098,-0.089583576,,,,,
104224,3,-0.20855707,0.67770499,,,,,
104226,3,-0.17887983,-0.15296878,,,,,
104236,3,0.47098967,0.82720244,,,,,
104238,3,0.34294564,0.82045078,,,,,
104242,3,-1.0434116,-0.50345898,,,,,
104244,3,-0.42943767,0.18363862,,,,,
104250,3,-1.5165896,-0.74725097,,,,,
104252,3,0.48742971,0.82187259,,,,,
104254,3,-0.17935339,0.45625338,,,,,
104256,3,-0.47962192,-0.24620835,,,,,
104258,3,-0.40935937,0.16188553,,,,,
104264,3,0.050968535,0.27805459,,,,,
104268,3,0.57050222,0.28133586,,,,,
104284,3,0.39244854,0.40634623,,,,,
104292,3,0.23163618,0.088420823,,,,,
104294,3,0.26956111,0.44604996,,,,,
104296,3,-0.81653023,0.061346259,,,,,
104300,3,-0.062780775,0.18674302,,,,,
104304,3,0.38114703,0.55306971,,,,,
104310,3,0.096400432,0.15982869,,,,,
104314,3,-0.30298972,0.41393283,,,,,
104322,3,0.50071973,0.38993287,,,,,
104326,3,0.29861897,0.31715336,,,,,
104328,3,0.66660333,0.63805151,,,,,
104334,3,0.18129562,0.52476358,,,,,
104350,3,-0.25818017,-0.22805502,,,,,
104352,3,-0.56489265,0.10031902,,,,,
104354,3,0.19258925,0.6272651,,,,,
104356,3,-0.25955832,0.52075434,,,,,
104362,3,0.49393198,1.0996766,,,,,
104366,3,-0.17669579,-0.13672397,,,,,
104368,3,0.20358983,0.47111282,,,,,
104374,3,0.57256591,0.47003567,,,,,
104376,3,-0.31733531,0.059227392,,,,,
104386,3,0.006361406,-0.038187385,,,,,
104390,3,-0.3074477,-0.24847379,,,,,
104394,3,-0.40075612,-0.24113439,,,,,
104402,3,-0.11492076,0.24813224,,,,,
104404,3,-0.52421141,-0.37790218,,,,,
104408,3,-0.29397106,-0.13556668,,,,,
104410,3,-0.34985739,0.042685959,,,,,
104414,3,-0.32322109,0.32658571,,,,,
104422,3,-0.36513242,0.58945203,,,,,
104424,3,-0.17310293,0.30169171,,,,,
104426,3,-0.24013677,0.2774716,,,,,
104430,3,-1.0451479,0.1973985,,,,,
104432,3,-0.1636453,0.25368166,,,,,
104434,3,0.01783894,0.26811358,,,,,
104446,3,-0.4923054,0.15000394,,,,,
104448,3,-0.072320983,0.19464362,,,,,
104458,3,-0.15423559,0.36410239,,,,,
104460,3,-0.50209922,-0.40515929,,,,,
104470,3,-0.1971653,0.02974382,,,,,
104472,3,-0.040892281,0.23390651,,,,,
104474,3,-0.67963874,-0.21421796,,,,,
104476,3,-0.49115297,-0.13313049,,,,,
104486,3,-0.06695129,0.42671034,,,,,
104488,3,-0.36554712,0.51858675,,,,,
104492,3,0.20215489,-0.082559802,,,,,
104494,3,-0.078352928,0.19935167,,,,,
104498,3,0.89079845,1.139413,,,,,
104500,3,-1.2708024,0.34785676,,,,,
104502,3,-0.27715886,-0.18343055,,,,,
104504,3,-0.046525631,0.016210914,,,,,
104506,3,0.39300486,0.46408778,,,,,
104512,3,-0.53650796,-0.40858316,,,,,
104520,3,0.13801873,0.38560501,,,,,
104524,3,-0.002388878,0.10707038,,,,,
104528,3,-0.82166004,-0.37966651,,,,,
104544,3,0.33408892,0.1161629,,,,,
104546,3,0.2775372,0.55654114,,,,,
104548,3,-1.0353093,-0.080995858,,,,,
104554,3,-0.58650625,-0.31979689,,,,,
104556,3,0.42909923,0.92912352,,,,,
104558,3,-0.15052713,2.1936369,,,,,
104576,3,-1.5608912,0.19203681,,,,,
104580,3,0.66240573,0.72377968,,,,,
104594,3,0.5469498,0.8307811,,,,,
104598,3,-0.18204848,-0.19055301,,,,,
104604,3,1.1757009,1.0436814,,,,,
104612,3,-0.53192633,-0.1221462,,,,,
104622,3,0.004684518,0.2879186,,,,,
104632,3,-0.04777592,-0.16531788,,,,,
104634,3,-0.74238145,-0.1607952,,,,,
104636,3,0.21570861,0.35739645,,,,,
104638,3,-0.32488984,0.91550523,,,,,
104640,3,0.031953,0.1036512,,,,,
104642,3,-0.086140312,0.041342951,,,,,
104656,3,-0.1703523,0.107219,,,,,
104678,3,-0.67258376,-0.10690752,,,,,
104684,3,-0.69333506,-0.014606165,,,,,
104698,3,0.16732202,0.13171154,,,,,
104702,3,-0.2317642,-0.007185389,,,,,
104710,3,0.010560296,0.26985538,,,,,
104712,3,-0.23416682,0.045252241,,,,,
104714,3,-0.43127897,0.042584989,,,,,
104716,3,-0.10139954,0.20220645,,,,,
104720,3,0.3099322,0.48869097,,,,,
104722,3,-0.62056088,-0.62921602,,,,,
104728,3,-0.78080952,-0.64747018,,,,,
104730,3,-0.3148967,-0.050126731,,,,,
104732,3,0.001667942,-0.016792772,,,,,
104738,3,-0.47620028,0.11821781,,,,,
104740,3,-0.26266649,0.042358954,,,,,
104746,3,0.37069941,0.45130318,,,,,
104748,3,0.15538892,0.3949782,,,,,
104752,3,0.072959624,0.10685378,,,,,
104768,3,-0.30024898,0.29078317,,,,,
104772,3,0.5535835,0.40635538,,,,,
104774,3,0.45551518,0.55719709,,,,,
104792,3,0.06815394,0.52316236,,,,,
104794,3,-0.050945304,0.32400259,,,,,
104796,3,-0.28795511,-0.10050625,,,,,
104802,3,-0.56497365,0.7347824,,,,,
104806,3,0.66663527,0.51360136,,,,,
104808,3,-0.35652521,-0.056851082,,,,,
104812,3,0.72146791,0.39692095,,,,,
104818,3,-0.43934819,-0.31428409,,,,,
104826,3,-0.35970557,-0.16837873,,,,,
104828,3,-0.029013781,0.53250396,,,,,
104832,3,-0.51808584,-0.66722214,,,,,
104840,3,-0.081274651,0.2799139,,,,,
104850,3,0.78299087,0.085579157,,,,,
104852,3,-0.12628597,0.67606264,,,,,
104856,3,-0.63131726,0.15288855,,,,,
104858,3,-0.19794139,0.15246104,,,,,
104860,3,-0.027379358,0.33067504,,,,,
104868,3,-0.49778748,-0.3796376,,,,,
104870,3,-0.2936464,-0.30850428,,,,,
104874,3,-0.027580999,-0.26437092,,,,,
104878,3,-0.15578403,-0.33980396,,,,,
104880,3,-0.43808022,0.19013049,,,,,
104886,3,-0.031769939,0.17281036,,,,,
104888,3,-0.075247869,0.002203201,,,,,
104894,3,0.15992105,0.53946024,,,,,
104912,3,-1.5489135,0.45974472,,,,,
104914,3,-0.65738869,0.43755731,,,,,
104920,3,-2.1227362,1.0903467,,,,,
104922,3,-0.52728903,0.230073,,,,,
104926,3,0.010142832,0.78742403,,,,,
104928,3,-0.38474417,-0.30505848,,,,,
104930,3,-0.80440611,0.18472593,,,,,
104932,3,-1.5253378,0.30864018,,,,,
104938,3,0.17399377,0.64711028,,,,,
104942,3,0.16528639,0.18033513,,,,,
104944,3,0.41654709,0.37477666,,,,,
104958,3,0.35562894,0.36922249,,,,,
104964,3,0.78129119,0.67375267,,,,,
104970,3,0.85072446,0.98459619,,,,,
104972,3,0.28739429,0.74295539,,,,,
104980,3,-0.17777526,0.44699633,,,,,
104990,3,0.44358391,0.85482216,,,,,
104992,3,0.13591655,-0.36249632,,,,,
104994,3,-1.6060641,0.048648108,,,,,
105004,3,0.15229833,0.19978262,,,,,
105014,3,0.2538673,0.47242251,,,,,
105026,3,0.2321624,0.44707993,,,,,
105028,3,-0.48962575,0.32364884,,,,,
105032,3,-0.23693524,0.30050856,,,,,
105036,3,0.33137634,0.34098414,,,,,
105038,3,-1.0536555,-0.61631292,,,,,
105042,3,0.22458772,0.81438941,,,,,
105044,3,-0.18157993,0.4024488,,,,,
105048,3,-0.60076922,-0.48709333,,,,,
105050,3,-0.070236519,0.69628853,,,,,
105068,3,-0.69647157,-0.19183578,,,,,
105070,3,-0.17101349,0.35399202,,,,,
105074,3,0.012591987,0.39132595,,,,,
105076,3,-0.50763011,-0.003198504,,,,,
105082,3,-0.13040346,0.2159652,,,,,
105084,3,-0.2875368,-0.14074342,,,,,
105088,3,-0.65051091,0.029191533,,,,,
105090,3,0.31446037,0.66443127,,,,,
105092,3,0.13124269,0.12887935,,,,,
105094,3,-0.26579764,-0.1044181,,,,,
105096,3,-0.58677566,-0.016696142,,,,,
105104,3,-0.38257962,-0.42451999,,,,,
105106,3,0.32457379,0.10729884,,,,,
105108,3,-1.3089359,0.12686752,,,,,
105112,3,-0.42240304,0.12817945,,,,,
105114,3,-0.54674923,-0.070750996,,,,,
105122,3,0.16729872,0.68983305,,,,,
105130,3,-0.62917596,-0.05889672,,,,,
105132,3,-1.1054771,-0.3981804,,,,,
105140,3,-0.096898429,-0.18842806,,,,,
105148,3,0.16967022,0.60792762,,,,,
105160,3,-0.3577902,-0.095011212,,,,,
105162,3,-0.24337025,0.10423779,,,,,
105168,3,0.063908026,0.37417829,,,,,
105176,3,0.13968575,0.49275661,,,,,
105178,3,0.21766123,0.55496627,,,,,
105188,3,-0.59279162,0.50958133,,,,,
105194,3,0.25470632,0.59781796,,,,,
105198,3,0.20214257,0.45633915,,,,,
105200,3,0.50420123,0.4952977,,,,,
105202,3,0.048012327,0.10055137,,,,,
105204,3,-0.14823268,-0.40124956,,,,,
105210,3,-0.025052531,0.088814676,,,,,
105212,3,0.30550429,0.4003427,,,,,
105214,3,0.023237554,0.17260726,,,,,
105230,3,-0.75006318,-0.52401841,,,,,
105240,3,-0.29746559,-1.11963,,,,,
105246,3,0.23034187,0.46797565,,,,,
105248,3,0.19842118,0.39245331,,,,,
105256,3,-0.14837709,0.079686567,,,,,
105258,3,-0.18318069,0.2215115,,,,,
105262,3,-0.44159496,-0.08419694,,,,,
105266,3,0.22884773,-0.01774078,,,,,
105268,3,0.023778714,0.094489962,,,,,
105272,3,-0.18265076,-0.22972323,,,,,
105280,3,-0.25040326,0.031375054,,,,,
105284,3,0.085251451,0.52345395,,,,,
105290,3,0.16003785,0.49957177,,,,,
105296,3,-0.45855755,0.018935883,,,,,
105302,3,0.23871017,-0.064581104,,,,,
105308,3,0.58051509,0.5105325,,,,,
105310,3,-0.37102711,0.031979192,,,,,
105312,3,-0.22301598,0.081927136,,,,,
105316,3,-0.089222282,0.094278917,,,,,
105320,3,-0.13863197,0.49639249,,,,,
105324,3,-0.34045836,-0.12021781,,,,,
105330,3,-0.24599691,0.38961467,,,,,
105332,3,-0.19502121,0.16490005,,,,,
105336,3,-0.14543153,0.65265787,,,,,
105340,3,0.15232669,0.31549415,,,,,
105342,3,0.48754004,0.28520611,,,,,
105346,3,-0.25902084,0.1424689,,,,,
105348,3,-0.11137827,0.25302437,,,,,
105356,3,-2.4053316,0.086873129,,,,,
105360,3,-0.46295959,0.1767595,,,,,
105368,3,0.36284479,0.077262618,,,,,
105370,3,-0.33094108,-0.36426747,,,,,
105372,3,0.3855997,0.12078808,,,,,
105374,3,-0.65466124,-0.36693889,,,,,
105376,3,-0.050386675,0.51915491,,,,,
105378,3,-0.10226853,0.024584549,,,,,
105380,3,0.19906335,0.33071572,,,,,
105384,3,0.32475004,0.44838902,,,,,
105388,3,-0.002853523,0.34076065,,,,,
105392,3,0.13061808,0.19220403,,,,,
105396,3,-0.19114703,-0.23982254,,,,,
105398,3,-0.31004515,0.47920337,,,,,
105400,3,0.089822255,-0.056241576,,,,,
105402,3,-0.053208902,0.30949247,,,,,
105404,3,-0.55784565,-0.19175738,,,,,
105406,3,0.089287981,0.05240836,,,,,
105412,3,-1.2813103,-0.70154393,,,,,
105416,3,-0.28682384,-0.16678563,,,,,
105418,3,-0.50540555,0.31662646,,,,,
105424,3,-0.29565385,-0.50339687,,,,,
105426,3,-0.55425465,-0.12718965,,,,,
105434,3,-0.10959157,0.18563738,,,,,
105440,3,0.1364222,-0.052008711,,,,,
105448,3,-0.75923085,-0.46702221,,,,,
105452,3,-0.10060492,-0.089818753,,,,,
105458,3,-0.90896827,-0.52204341,,,,,
105460,3,-0.55291259,0.046602782,,,,,
105462,3,0.027553545,0.19604386,,,,,
105466,3,-0.2089951,0.006881245,,,,,
105468,3,0.099651791,-0.004073783,,,,,
105472,3,-0.40148076,-0.086596765,,,,,
105474,3,0.23689477,0.43943542,,,,,
105476,3,-0.35042092,-0.37726381,,,,,
105484,3,0.13084278,0.64830798,,,,,
105486,3,0.20808366,0.37936524,,,,,
105488,3,-0.35741904,-0.000849702,,,,,
105492,3,-0.29659373,-0.34466976,,,,,
105498,3,0.049324665,-0.18567388,,,,,
105500,3,-0.20080364,-0.099027276,,,,,
105508,3,-0.52065772,-0.4233503,,,,,
105510,3,0.90573561,1.0151571,,,,,
105520,3,-0.38292539,-0.36723539,,,,,
105522,3,-0.10936455,-0.14046358,,,,,
105526,3,-0.41140047,-0.081257552,,,,,
105530,3,0.49083388,0.20196749,,,,,
105532,3,-0.098463222,-0.053375226,,,,,
105536,3,0.24579744,0.56345737,,,,,
105538,3,-0.42408273,-0.062566146,,,,,
105550,3,0.035553403,-0.28781903,,,,,
105552,3,-0.31251779,0.085883297,,,,,
105566,3,-0.055554755,0.042527106,,,,,
105570,3,-0.39878035,-0.25876227,,,,,
105572,3,0.44469923,0.95732909,,,,,
105574,3,-0.069779009,-0.20802709,,,,,
105582,3,-0.25304446,0.12527116,,,,,
105590,3,0.20914012,0.078186825,,,,,
105594,3,0.1318194,0.28353551,,,,,
105602,3,-0.5083518,-0.24617127,,,,,
105610,3,-0.29956096,0.73717213,,,,,
105624,3,0.40870753,0.54057699,,,,,
105636,3,0.25767708,-0.1656585,,,,,
105640,3,0.81944758,0.26841611,,,,,
105648,3,-0.98320526,-0.17808078,,,,,
105650,3,-0.22896449,0.040822953,,,,,
105652,3,-0.22575969,-0.11743804,,,,,
105654,3,-0.01024023,-0.018451652,,,,,
105656,3,-0.15412247,0.034855589,,,,,
105660,3,0.2415231,0.034208521,,,,,
105662,3,-0.010846923,-0.13455579,,,,,
105664,3,-0.095089868,-0.42497137,,,,,
105674,3,-0.10792846,-0.25395331,,,,,
105676,3,0.010415576,-0.23698935,,,,,
105686,3,-0.30605176,-0.34498638,,,,,
105688,3,-0.89023846,-0.71731013,,,,,
105690,3,0.08554782,-0.043060508,,,,,
105692,3,-0.81434882,-0.65685743,,,,,
105694,3,0.017789014,-0.16900861,,,,,
105696,3,-0.83913279,-0.41233048,,,,,
105698,3,-0.20319816,-0.32875273,,,,,
105700,3,0.089260682,0.62660849,,,,,
105704,3,-0.66124469,-0.084988564,,,,,
105706,3,-0.13561229,0.30345938,,,,,
105708,3,-0.50489503,-0.57199746,,,,,
105710,3,-0.46514335,-0.10395195,,,,,
105712,3,-1.8616097,-0.67670721,,,,,
105714,3,-0.24853808,-0.23203467,,,,,
105720,3,0.12611078,0.11268755,,,,,
105724,3,-0.19190359,-0.3947137,,,,,
105730,3,-0.059676163,0.19022225,,,,,
105732,3,-0.069288105,0.061145116,,,,,
105734,3,0.23378788,-0.088779673,,,,,
105738,3,-0.11864806,-0.09634576,,,,,
105742,3,-0.43949917,-0.27902943,,,,,
105744,3,0.37388545,0.078974321,,,,,
105746,3,-0.80347598,-0.51619506,,,,,
105758,3,-2.5293739,0.17368926,,,,,
105760,3,-0.30672377,-0.55413127,,,,,
105772,3,-0.55090451,-0.51242071,,,,,
105778,3,0.12054782,0.27349696,,,,,
105780,3,-1.0769006,-0.29357633,,,,,
105782,3,0.10049044,-0.19090749,,,,,
105784,3,-0.028594878,-0.298208,,,,,
105794,3,0.27917454,0.67268759,,,,,
105802,3,-0.011744103,0.065201171,,,,,
105804,3,0.87413865,0.52151763,,,,,
105806,3,0.2155676,0.10603177,,,,,
105816,3,-0.03955115,-0.28988656,,,,,
105824,3,-0.20752111,-0.52702492,,,,,
105828,3,-0.13580064,-0.15738565,,,,,
105830,3,0.12813751,-0.25916553,,,,,
105834,3,-0.43528992,-0.45090073,,,,,
105838,3,-0.30816931,-0.30533135,,,,,
105846,3,0.013383803,0.28950483,,,,,
105854,3,-1.414883,-0.95807582,,,,,
105860,3,-0.61069363,-0.65819722,,,,,
105862,3,-0.50811511,-0.9616574,,,,,
105864,3,-0.39286837,-0.35585335,,,,,
105868,3,-1.0014591,-0.75857282,,,,,
105872,3,0.22873908,-0.001261584,,,,,
105874,3,-0.024517769,-0.36046773,,,,,
105876,3,-0.346903,-0.088917896,,,,,
105880,3,-0.4316417,-0.28212819,,,,,
105884,3,-0.67669278,-0.33001354,,,,,
105898,3,0.24810806,-0.31440422,,,,,
105906,3,0.76635253,-0.26871273,,,,,
105914,3,-0.30732933,-0.7515319,,,,,
105918,3,0.10462087,-0.38947943,,,,,
105924,3,-0.068008661,-0.53582197,,,,,
105926,3,-0.012025098,-0.14884104,,,,,
105928,3,0.08866211,-0.27241635,,,,,
105930,3,-0.007321121,-0.76693767,,,,,
105934,3,0.34138098,-0.12929934,,,,,
105936,3,0.11063357,-0.58332562,,,,,
105938,3,-0.27116498,-0.45264986,,,,,
105940,3,-0.19778661,-0.35406837,,,,,
105948,3,0.062386744,-0.39615846,,,,,
105950,3,-0.33062723,-0.87687659,,,,,
105956,3,-0.54346836,-0.47415662,,,,,
105968,3,-0.5805434,1.2703235,,,,,
105980,3,0.030656764,-0.1280164,,,,,
105982,3,-0.4140113,1.428378,,,,,
105998,3,-0.37715206,-0.26632744,,,,,
106010,3,-0.014551898,-0.25372076,,,,,
106024,3,-0.41207746,-0.17142168,,,,,
106036,3,0.064190827,-0.22663088,,,,,
106052,3,0.44633955,0.19634995,,,,,
106056,3,-0.042160381,-0.44644627,,,,,
106060,3,-0.19529957,-0.40101123,,,,,
106066,3,0.62518811,-0.29952663,,,,,
106068,3,-0.59951138,-0.22977158,,,,,
106070,3,0.94395059,0.40150756,,,,,
106072,3,0.60735375,0.12269837,,,,,
106076,3,-0.29277438,-0.33244643,,,,,
106078,3,0.3203198,-0.23488185,,,,,
106084,3,0.83969235,1.0745848,,,,,
106086,3,-0.01925285,-0.61464608,,,,,
106108,3,-0.50459367,-0.20294058,,,,,
106110,3,-0.29012492,0.21228272,,,,,
106118,3,-0.026045388,-0.27925369,,,,,
106122,3,-0.38017797,-0.31077248,,,,,
106124,3,-0.60650116,-0.48223644,,,,,
106134,3,-0.35357887,-0.28791717,,,,,
106142,3,0.040760521,0.099132098,,,,,
106158,3,-0.21585804,-0.42444956,,,,,
106168,3,-0.8823095,-0.03336015,,,,,
106180,3,-0.13782443,-0.4002654,,,,,
106182,3,0.30165675,-0.3937085,,,,,
106186,3,-0.37143075,-0.50796252,,,,,
106190,3,-0.16906677,-0.72764188,,,,,
106196,3,-0.46197811,-0.15740883,,,,,
106200,3,-0.16874275,-0.84414834,,,,,
106202,3,-1.2106057,-0.7886228,,,,,
106206,3,-0.46487576,-0.63948524,,,,,
106208,3,0.20700996,-0.32515568,,,,,
106212,3,-0.68750507,-0.64770138,,,,,
106214,3,0.24779128,0.17392069,,,,,
106222,3,-0.36112589,-0.16839415,,,,,
106224,3,-0.22981325,-0.18788251,,,,,
106226,3,0.6092025,0.011876428,,,,,
106232,3,-0.86744475,-0.49101776,,,,,
106246,3,0.035835043,-0.46384048,,,,,
106248,3,-0.016967904,-0.31088442,,,,,
106254,3,-0.43695968,-1.0287328,,,,,
106264,3,-1.0710164,-1.0512438,,,,,
106266,3,-1.1487556,-0.85543162,,,,,
106268,3,-0.42357001,-0.28179738,,,,,
106272,3,-0.35697287,-0.73690939,,,,,
106284,3,-0.015589383,-0.42476419,,,,,
106306,3,-0.56968367,0.48248944,,,,,
106310,3,-0.46433884,-0.19219007,,,,,
106312,3,0.050128777,0.002465565,,,,,
106314,3,0.69084102,-0.073486455,,,,,
106318,3,0.55482161,-0.15419777,,,,,
106322,3,0.10551144,-0.2407797,,,,,
106328,3,0.53841019,-0.16432366,,,,,
106342,3,0.38148502,-0.15556809,,,,,
106348,3,0.694502,-0.10128258,,,,,
106356,3,1.1509939,0.27871278,,,,,
106360,3,0.65458024,0.37245825,,,,,
106366,3,-0.45090145,0.48444757,,,,,
106372,3,-0.44712681,0.70774829,,,,,
106378,3,0.52127779,-0.59665722,,,,,
106380,3,-0.59730458,0.66257441,,,,,
106388,3,-0.58510697,0.97901863,,,,,
106392,3,0.007564016,-0.43887001,,,,,
106400,3,-0.11311012,-0.56401682,,,,,
106402,3,0.090707347,-0.011935504,,,,,
106404,3,-0.27848747,-0.44093767,,,,,
106410,3,0.21002807,-0.45004794,,,,,
106412,3,-0.30511674,-0.81952029,,,,,
106414,3,0.2236037,-0.13719484,,,,,
106418,3,-0.25057581,-0.20944637,,,,,
106422,3,0.38533157,-0.115311,,,,,
106424,3,-0.032872606,-0.72368664,,,,,
106426,3,-0.071612872,-0.63484389,,,,,
106430,3,0.07774388,-0.26337555,,,,,
106432,3,-1.2281817,-0.53783673,,,,,
106438,3,-0.85835981,-0.40180981,,,,,
106442,3,-1.235347,-0.71394759,,,,,
106444,3,-0.52187175,-0.12098387,,,,,
106446,3,-0.10896467,-0.59810239,,,,,
106448,3,0.10942427,0.55595261,,,,,
106450,3,-0.45312577,-0.80302852,,,,,
106452,3,-0.43992779,-0.049899302,,,,,
106456,3,-0.36194694,-0.35239497,,,,,
106462,3,0.27909896,-0.04407043,,,,,
106464,3,-0.39367172,0.86988926,,,,,
106474,3,-1.0177754,0.7042557,,,,,
106480,3,0.77331597,0.4512721,,,,,
106482,3,0.46582875,0.4481647,,,,,
106484,3,-0.1272056,-0.084824666,,,,,
106486,3,0.17475548,-0.11227412,,,,,
106490,3,-0.097862571,-0.19411103,,,,,
106492,3,0.33734006,-0.3288385,,,,,
106494,3,-0.25907728,0.13560268,,,,,
106498,3,-0.35546008,-0.18577465,,,,,
106508,3,1.1843153,0.42987627,,,,,
106514,3,0.22386824,-0.01123546,,,,,
106516,3,-0.88011718,-0.52538407,,,,,
106518,3,0.37547147,-0.40556493,,,,,
106522,3,0.68857402,0.1525601,,,,,
106530,3,0.25218964,-0.43155387,,,,,
106536,3,0.01619303,-0.54331231,,,,,
106538,3,0.17481059,-0.076556891,,,,,
106544,3,0.25673547,-0.27241364,,,,,
106550,3,0.40370294,-0.16400653,,,,,
106554,3,0.68551385,0.33974758,,,,,
106562,3,-1.6842121,-0.7511065,,,,,
106564,3,-0.18559662,-0.80859971,,,,,
106572,3,-0.38212371,-0.0922428,,,,,
106574,3,-0.077030286,0.064096197,,,,,
106584,3,0.14510646,0.11129951,,,,,
106586,3,0.32335854,0.10994536,,,,,
106588,3,0.52710414,0.53252029,,,,,
106596,3,0.31808934,-0.36576805,,,,,
106598,3,-0.29143929,0.014920882,,,,,
106602,3,-0.98383367,-0.29634348,,,,,
106606,3,0.075462766,-0.1774133,,,,,
106608,3,0.22742108,-0.25652191,,,,,
106610,3,-0.14415912,-0.4505578,,,,,
106612,3,-0.091836236,-0.37066868,,,,,
106614,3,-0.65707797,-0.50646687,,,,,
106616,3,0.45995846,-0.13482012,,,,,
106618,3,0.35362512,-0.089224599,,,,,
106620,3,-0.79862905,-0.49676204,,,,,
106622,3,0.15493232,-0.6894424,,,,,
106628,3,0.30288237,-0.15466426,,,,,
106646,3,0.49690628,-0.17159036,,,,,
106658,3,-0.26242298,-0.69732493,,,,,
106662,3,0.54861993,0.20444724,,,,,
106668,3,0.46832919,-0.22202389,,,,,
106670,3,-0.83892339,-1.0105315,,,,,
106674,3,-0.46937722,-0.34894389,,,,,
106676,3,0.31828052,-0.19175331,,,,,
106680,3,-0.54198492,-0.44035941,,,,,
106700,3,-0.17996848,-0.31635389,,,,,
106704,3,-0.24656354,-0.44814205,,,,,
106710,3,0.10713411,-0.66466081,,,,,
106714,3,0.2258765,-0.24017568,,,,,
106720,3,0.20865758,-0.42437157,,,,,
106722,3,-0.53656662,-0.60446322,,,,,
106724,3,-0.072921485,-0.25441009,,,,,
106728,3,0.007692623,-0.058667742,,,,,
106730,3,-0.24130797,-0.28586838,,,,,
106744,3,-0.78558189,-0.25107071,,,,,
106752,3,-0.22417025,-0.22091398,,,,,
106760,3,0.28260797,-0.4343099,,,,,
106762,3,-0.04762008,-0.40891686,,,,,
106772,3,0.10241438,-0.21570739,,,,,
106776,3,-0.39634025,-0.15391418,,,,,
106780,3,-0.65881509,-0.59666634,,,,,
106784,3,-0.85033512,-0.24543871,,,,,
106788,3,-0.70266074,-0.27484915,,,,,
106790,3,-0.036817305,-0.11160691,,,,,
106792,3,-0.65172356,-0.23575848,,,,,
106796,3,0.10157704,-0.22530384,,,,,
106802,3,0.13003145,0.13223122,,,,,
106812,3,-0.46160179,-0.4748174,,,,,
106814,3,-0.89443767,-0.55829072,,,,,
106818,3,-1.1658802,-0.43675035,,,,,
106822,3,-0.66936201,-0.57185775,,,,,
106826,3,-0.74970466,-0.54472977,,,,,
106828,3,-0.75197369,-0.60980421,,,,,
106832,3,-0.79232925,-0.69900751,,,,,
106834,3,0.31053847,0.27896166,,,,,
106836,3,-1.3203995,-0.59936297,,,,,
106840,3,-0.59285468,-0.91607928,,,,,
106846,3,-1.4269063,-0.73928201,,,,,
106848,3,-1.2716098,-0.64344996,,,,,
106856,3,-0.88312417,-0.46227655,,,,,
106858,3,-1.1021786,-0.79658836,,,,,
106862,3,-0.29639649,-0.10421163,,,,,
106870,3,-0.35181847,-0.014094996,,,,,
106872,3,0.46351695,0.13062003,,,,,
106874,3,0.13451961,-0.074035138,,,,,
106878,3,-0.65687734,0.098877653,,,,,
106882,3,-0.43126887,-0.21995127,,,,,
106884,3,-0.80822426,-1.0739387,,,,,
106886,3,0.002191159,-0.38442266,,,,,
106888,3,-0.33037212,-0.86163825,,,,,
106890,3,-0.69087785,-0.34314129,,,,,
106892,3,0.6218152,0.78896117,,,,,
106900,3,-0.25521848,-0.71741897,,,,,
106904,3,-0.9529767,-0.84299159,,,,,
106906,3,-0.31771678,-0.49491856,,,,,
106910,3,-0.36129919,-0.28911051,,,,,
106912,3,-0.49661404,-0.39421156,,,,,
106916,3,-0.71632582,-0.51757723,,,,,
106920,3,0.2682133,-0.12757327,,,,,
106924,3,0.13297494,-0.012317503,,,,,
106932,3,-0.077160366,-0.1223529,,,,,
106938,3,-0.07186842,-0.49281469,,,,,
106940,3,0.31390414,-0.075254418,,,,,
106944,3,-1.0913281,-0.6732257,,,,,
106946,3,-0.20751859,-0.6058439,,,,,
106950,3,-0.17587914,-0.12839082,,,,,
106954,3,-0.14730398,-0.054876748,,,,,
106958,3,0.12846349,0.19180357,,,,,
106962,3,-0.73112893,-0.65219158,,,,,
106964,3,-1.0142349,-0.44157445,,,,,
106980,3,-0.40374351,-0.34082127,,,,,
106982,3,-0.35976237,-0.15018715,,,,,
106984,3,-0.13096297,-0.52289963,,,,,
106990,3,-0.36792025,-0.011154717,,,,,
106996,3,0.19817924,-0.39950567,,,,,
107002,3,-0.48540437,-0.52222115,,,,,
107014,3,-0.51230407,-0.39604059,,,,,
107016,3,-0.8417871,-0.90581429,,,,,
107018,3,-0.40240717,-0.58398592,,,,,
107020,3,0.12065627,-0.049925014,,,,,
107022,3,0.36852118,0.55681229,,,,,
107030,3,-3.3606353,-1.027503,,,,,
107036,3,0.10762274,-0.20867525,,,,,
107038,3,-1.0849613,-0.82889092,,,,,
107040,3,-0.14832835,-0.24403641,,,,,
107044,3,-0.82404697,-0.68637335,,,,,
107046,3,-0.49924073,-0.72410381,,,,,
107056,3,-0.08955045,-0.40391889,,,,,
107058,3,-0.28840792,-0.38049975,,,,,
107064,3,-0.58347797,0.47453031,,,,,
107066,3,-1.0275183,-0.69389755,,,,,
107078,3,-0.620103,0.95098752,,,,,
107082,3,-0.58417612,0.31122911,,,,,
107086,3,-0.88457793,-0.61758494,,,,,
107092,3,-0.72749859,-0.82785571,,,,,
107096,3,-0.59410495,-0.61370367,,,,,
107098,3,-0.36968914,-0.62533367,,,,,
107102,3,0.43970311,-0.64574653,,,,,
107110,3,-0.18525556,-0.3808454,,,,,
107124,3,-0.44093376,0.60326022,,,,,
107136,3,-0.43751714,-0.4790166,,,,,
107154,3,-1.2343309,-1.3866849,,,,,
107158,3,0.18743721,-0.44982359,,,,,
107164,3,-0.071803652,-0.34592134,,,,,
107186,3,-0.60343879,0.066912234,,,,,
107188,3,-0.1552138,-0.29702306,,,,,
107190,3,-0.59404022,0.34826654,,,,,
107192,3,-0.37946448,-0.15206181,,,,,
107198,3,-2.0050638,-1.4115956,,,,,
107200,3,-0.15686613,-0.56224805,,,,,
107202,3,-0.097167961,-0.60389334,,,,,
107204,3,0.25502789,-0.1488179,,,,,
107206,3,-0.43663812,-0.46949527,,,,,
107210,3,0.10251535,-0.52033961,,,,,
107214,3,-0.86592227,-0.9056645,,,,,
107228,3,-0.24168153,-0.97155499,,,,,
107230,3,-0.028408067,-0.68716699,,,,,
107232,3,0.4909094,-0.81825703,,,,,
107234,3,0.24225168,-0.64920551,,,,,
107238,3,0.20436083,-0.66010529,,,,,
107244,3,0.68976611,-0.33388579,,,,,
107248,3,-0.82677495,-0.68034798,,,,,
107254,3,-0.19664703,-0.52287233,,,,,
107256,3,-0.044255141,-0.22766811,,,,,
107258,3,-0.71478951,-0.79794163,,,,,
107264,3,-0.17894685,-0.47813347,,,,,
107272,3,-1.0693759,-0.60509151,,,,,
107278,3,-0.36570206,-0.63117945,,,,,
107282,3,-0.3872824,-0.62337977,,,,,
107284,3,-0.52639854,-1.0059605,,,,,
107286,3,-0.44968396,-0.55114263,,,,,
107288,3,0.31836072,-0.12074371,,,,,
107292,3,-0.56134969,-0.99977511,,,,,
107294,3,0.30801177,-0.087835543,,,,,
107298,3,-0.40974757,-0.84796625,,,,,
107302,3,-0.037286066,-0.39599466,,,,,
107304,3,0.094203308,-0.082070112,,,,,
107306,3,-0.53527415,-0.9152739,,,,,
107308,3,-0.42417747,-0.41183344,,,,,
107310,3,-0.060035154,-0.4542504,,,,,
107312,3,0.12488334,-0.61112332,,,,,
107314,3,-0.014882612,-0.4734163,,,,,
107316,3,-0.052884202,-0.80106658,,,,,
107318,3,0.82523865,0.14465736,,,,,
107324,3,-0.82445526,-0.57971549,,,,,
107326,3,-0.68612921,-0.70788193,,,,,
107328,3,-1.209794,-0.61786771,,,,,
107330,3,0.15377967,-1.0265144,,,,,
107332,3,-0.30554527,-0.067690305,,,,,
107334,3,-0.089064971,-0.69281375,,,,,
107336,3,0.15200569,-0.69365072,,,,,
107338,3,0.33131853,-0.22955494,,,,,
107340,3,-0.25264385,-0.85584593,,,,,
107342,3,0.25634122,-0.93407613,,,,,
107344,3,-1.1526767,-0.36907381,,,,,
107348,3,-0.072829135,-0.61297935,,,,,
107350,3,-0.46448773,-0.24946634,,,,,
107356,3,0.06343323,-0.20981853,,,,,
107360,3,-0.23301329,-0.48879832,,,,,
107364,3,-0.16473472,-0.72877246,,,,,
107368,3,0.02112188,-0.7487902,,,,,
107370,3,-1.0283059,-0.90710026,,,,,
107372,3,-0.40170398,-0.79300612,,,,,
107374,3,-0.13524182,-0.45509958,,,,,
107376,3,0.38115984,0.21866921,,,,,
107378,3,-0.11243179,-0.51859128,,,,,
107380,3,-0.2045413,-0.15466504,,,,,
107382,3,-0.20029597,-0.70403314,,,,,
107384,3,0.15036269,-0.25110805,,,,,
107386,3,-0.26357991,-0.54296577,,,,,
107388,3,-0.37147,-0.97718197,,,,,
107390,3,-0.77234614,-0.65363473,,,,,
107392,3,-0.99427891,-0.78237808,,,,,
107394,3,-0.2572926,-0.7989319,,,,,
107396,3,-0.69366556,-0.19247447,,,,,
107398,3,-1.0246415,-0.25451335,,,,,
107400,3,-0.4649916,-0.77757812,,,,,
107402,3,0.56172413,0.15518063,,,,,
107406,3,-1.1635259,-0.68359429,,,,,
107410,3,-0.32552925,-0.65079319,,,,,
107416,3,-1.4696959,-1.2969455,,,,,
107418,3,0.39859679,-0.6735217,,,,,
107420,3,0.31706834,-0.59995091,,,,,
107422,3,-0.55983293,-0.38724285,,,,,
107432,3,-0.3645826,-0.39988697,,,,,
107434,3,-0.42173523,0.005174594,,,,,
107436,3,0.75969112,-0.58734506,,,,,
107438,3,-0.56193674,-0.74022734,,,,,
107442,3,0.022024037,-1.0045134,,,,,
107444,3,1.0876573,-0.15574589,,,,,
107446,3,0.23241065,-0.18532936,,,,,
107448,3,-0.10506468,-0.65377492,,,,,
107454,3,-0.20794681,-1.04212,,,,,
107460,3,0.73873413,-0.38441086,,,,,
107462,3,0.33866483,-0.82038003,,,,,
107464,3,-0.43362087,-0.86236179,,,,,
107468,3,-0.22317719,-1.0253567,,,,,
107470,3,-0.12027844,-0.83457619,,,,,
107472,3,0.37020391,-0.5180952,,,,,
107474,3,-0.5332911,-0.36884874,,,,,
107476,3,-0.79400307,-0.25065857,,,,,
107480,3,-0.092576638,0.10426756,,,,,
107482,3,0.096799269,-0.56021214,,,,,
107484,3,-0.45261168,-0.31932095,,,,,
107488,3,0.28718513,-0.6148141,,,,,
107490,3,1.1951802,-0.11125085,,,,,
107492,3,0.54136187,-0.48427016,,,,,
107494,3,0.29267645,-0.25972053,,,,,
107496,3,-0.64639527,-0.87918657,,,,,
107498,3,1.0504391,-0.47299427,,,,,
107500,3,-0.55573738,-0.60082531,,,,,
107502,3,-0.40560654,-0.35442886,,,,,
107510,3,-0.12508792,-0.59330708,,,,,
107512,3,0.029868478,-0.73932815,,,,,
107514,3,-0.080438443,-0.53756613,,,,,
107516,3,-0.49066275,-0.8296904,,,,,
107518,3,1.0107763,-0.1430213,,,,,
107520,3,1.3522632,-0.33567497,,,,,
107522,3,-0.27237624,-0.53376007,,,,,
107532,3,0.040803634,-0.39736164,,,,,
107534,3,0.34072906,-0.95029861,,,,,
107536,3,0.16991685,-0.72874665,,,,,
107538,3,-1.1475954,-0.14033407,,,,,
107540,3,-0.6930393,-0.50595039,,,,,
107546,3,1.022193,-0.16389884,,,,,
107548,3,0.25336453,-0.58914542,,,,,
107550,3,-0.004753829,-0.62072676,,,,,
107552,3,-0.077886425,-0.56946474,,,,,
107554,3,0.038232304,-0.63695109,,,,,
107556,3,-0.92859548,-0.30859244,,,,,
107558,3,-0.26402599,-0.18874225,,,,,
107564,3,-0.031271581,-0.46912336,,,,,
107670,3,-0.26003686,0.15097612,,,,,
107848,3,-0.32237434,-0.19182618,,,,,
107878,3,-1.6959627,-0.24230053,,,,,
108534,3,0.22846685,-0.28904432,,,,,
108652,3,-0.32021108,-0.4344995,,,,,
108846,3,0.76475209,-0.59051925,,,,,
109106,3,-0.95713234,-0.92655629,,,,,
110108,3,0.53151071,-1.1894808,,,,,
110456,3,0.86129951,-3.5566032,,,,,
111042,3,-2.3547404,-1.8721573,,,,,
113532,3,-0.60354817,-0.52751172,,,,,
114392,3,-1.0438691,0.29109383,,,,,
114662,3,-0.54046595,1.1081303,,,,,
115300,3,-0.31704023,-0.50452292,,,,,
115452,3,0.51668572,0.35529542,,,,,
115454,3,-1.0380553,-0.78013229,,,,,
115466,3,-1.9406592,-1.0589663,,,,,
117064,3,-1.0554096,-0.9855001,,,,,
117616,3,-0.94567144,0.11128091,,,,,
118346,3,-0.95693988,-0.84849524,,,,,
118996,3,-1.1923895,0.33106241,,,,,
119144,3,-0.92668289,0.57124501,,,,,
119172,3,-2.2248819,-1.3580441,,,,,
119356,3,-0.62096918,-0.52206665,,,,,
119436,3,-3.5322618,-0.1349,,,,,
119544,3,-0.97508425,-0.20597951,,,,,
119558,3,-1.0421278,-0.96658188,,,,,
119808,3,-1.0638801,-1.0552235,,,,,
119876,3,-1.7500331,-1.9668567,,,,,
120486,3,-1.0486126,-0.98659772,,,,,
120594,3,-1.5838177,-1.7572643,,,,,
120790,3,-0.24942605,0.66696095,,,,,
120808,3,-2.1808839,-1.6442598,,,,,
121312,3,-0.91654438,0.24240777,,,,,
121458,3,-3.2929742,-1.0006896,,,,,
121678,3,-1.5452418,0.47974715,,,,,
122136,3,0.84554619,0.74695075,,,,,
122180,3,-3.4322147,-0.84767896,,,,,
122190,3,0.76376718,0.80956519,,,,,
122316,3,-0.47130182,0.94677097,,,,,
122888,3,-1.039287,0.019597052,,,,,
122908,3,-0.24620104,-1.1196295,,,,,
123106,3,-0.33781776,-0.31736404,,,,,
123142,3,-0.36772603,-0.40854749,,,,,
123382,3,-3.4194257,-3.4497485,,,,,
123396,3,-1.0592579,-0.97747713,,,,,
123934,3,-0.14219396,0.82909626,,,,,
124340,3,-0.92089593,0.56170881,,,,,
124366,3,0.10670146,0.44295007,,,,,
124530,3,-0.01742656,1.1534405,,,,,
124546,3,-0.44451115,-0.36677644,,,,,
124578,3,-1.0464438,-0.97943878,,,,,
124586,3,-2.2718048,-1.6015785,,,,,
124602,3,-1.2032428,0.50077099,,,,,
124606,3,0.98745412,1.7572361,,,,,
124836,3,-0.26532272,1.5027493,,,,,
124862,3,-1.7726049,0.38094151,,,,,
125062,3,-2.6066523,-1.7300175,,,,,
125066,3,-2.3006172,-1.3890514,,,,,
125074,3,-0.93790048,0.44041476,,,,,
125078,3,0.43127924,-0.53345466,,,,,
125096,3,-2.0268028,-1.570524,,,,,
125516,3,-0.43962872,-0.55381823,,,,,
126144,3,-1.0483487,1.2158991,,,,,
126198,3,-0.50052649,0.50783116,,,,,
126280,3,-1.8452539,0.11929859,,,,,
126282,3,-1.7023115,0.59372902,,,,,
126322,3,-1.9284672,-1.0093788,,,,,
126338,3,-1.6909811,1.1512202,,,,,
126620,3,-3.0106056,-2.9747825,,,,,
127364,3,-0.98806846,0.22388513,,,,,
127518,3,-0.86456448,-0.53154129,,,,,
127866,3,-0.31477094,0.077683657,,,,,
128220,3,-0.41766354,-0.30107737,,,,,
128222,3,0.063376687,0.38326448,,,,,
128402,3,-0.14983292,0.74196845,,,,,
128564,3,-1.9609128,1.8189114,,,,,
128660,3,-2.8247926,-2.3513806,,,,,
128684,3,-1.0352521,-0.58397269,,,,,
128748,3,-0.58815289,0.81555355,,,,,
128942,3,-0.90724593,-0.44055375,,,,,
129012,3,0.33517459,-0.48091605,,,,,
129206,3,-0.45650485,-0.5612545,,,,,
129488,3,-0.25259516,-0.942249,,,,,
129558,3,-0.92812961,0.87072092,,,,,
129564,3,-0.96488184,0.34532213,,,,,
129624,3,0.006635302,0.62169713,,,,,
129630,3,-0.48880583,1.7216196,,,,,
129652,3,-0.17968298,-0.1155149,,,,,
129664,3,0.99532127,-0.27549946,,,,,
130070,3,-1.4012166,-1.385703,,,,,
130094,3,-1.9343426,1.0824633,,,,,
130264,3,-0.11689436,-0.61670303,,,,,
130422,3,-0.19896944,0.36102715,,,,,
130854,3,-3.1250587,-0.077133372,,,,,
130858,3,-1.3525443,0.8302241,,,,,
130864,3,0.031763002,0.31737262,,,,,
130878,3,-0.62543947,-0.56392401,,,,,
130882,3,-1.1310471,-0.44666785,,,,,
130884,3,-0.20192587,-0.003987406,,,,,
130888,3,-0.34243804,-0.22524379,,,,,
130902,3,-0.91905087,-0.54576033,,,,,
130910,3,-0.011190844,0.55673194,,,,,
130914,3,-2.7220204,-0.70487922,,,,,
130918,3,-0.0060904,0.23514979,,,,,
130920,3,-1.2787325,1.2890624,,,,,
130974,3,-1.8726286,-1.7920487,,,,,
130976,3,-0.52303267,1.881706,,,,,
130980,3,-2.0984306,-2.1125431,,,,,
130990,3,0.36339104,0.71580559,,,,,
130996,3,-0.6017065,1.8478707,,,,,
131002,3,0.084801681,0.16868761,,,,,
131008,3,0.91584176,1.0116062,,,,,
131020,3,0.23800328,0.12991327,,,,,
131022,3,-0.11434449,-0.056545652,,,,,
131028,3,-2.14411,1.7649583,,,,,
131100,3,-0.4987092,0.17965309,,,,,
131108,3,-1.1236209,-1.1233495,,,,,
131146,3,0.013934586,0.87543344,,,,,
131174,3,0.13764928,0.64523196,,,,,
131182,3,-0.61450511,1.1234453,,,,,
131236,3,-2.0984077,0.079248711,,,,,
131304,3,-0.029182646,0.70082033,,,,,
131312,3,-2.4783826,-2.0198958,,,,,
131314,3,-0.51262426,-0.31534651,,,,,
131322,3,-1.2876574,-0.6318087,,,,,
131324,3,-0.29525566,0.30062303,,,,,
131326,3,-2.2068379,0.040450506,,,,,
131340,3,-2.9921086,-1.8587581,,,,,
131346,3,-0.59568071,-0.27414098,,,,,
131350,3,-0.60999107,-0.05467077,,,,,
131352,3,0.17936565,0.57190704,,,,,
131400,3,-1.9068687,0.18613577,,,,,
131408,3,-0.056267899,-0.20486726,,,,,
131424,3,-0.62270159,0.6842342,,,,,
131426,3,-1.3857971,0.66283423,,,,,
131434,3,-1.6683133,0.20607543,,,,,
131438,3,-0.35378021,0.52453029,,,,,
131456,3,-0.14392993,0.046450861,,,,,
131466,3,0.43263814,1.5239903,,,,,
131610,3,0.79329336,1.1917268,,,,,
131620,3,-3.4146812,-1.6297784,,,,,
131622,3,-3.1323566,-1.8681885,,,,,
131624,3,0.009827852,0.45745635,,,,,
131628,3,0.009060265,0.27612737,,,,,
131632,3,-1.1157581,-0.48249581,,,,,
131652,3,-0.13579321,0.54770237,,,,,
131680,3,-0.61490816,-0.003367486,,,,,
131708,3,0.1395946,0.38477004,,,,,
131722,3,-0.23003647,0.65735847,,,,,
131770,3,-0.11665839,0.26260185,,,,,
131772,3,-0.34418431,1.9486061,,,,,
131786,3,-2.0937164,1.2469275,,,,,
131788,3,-0.7270574,0.4551082,,,,,
131804,3,-0.30356166,0.96784931,,,,,
131806,3,-0.25899056,0.059775356,,,,,
131894,3,-0.55073482,-0.41305649,,,,,
131908,3,-3.4048827,0.10591989,,,,,
131912,3,-1.1239214,-1.1243668,,,,,
131924,3,-0.55572754,0.20140946,,,,,
131962,3,-1.6729234,0.97468799,,,,,
131976,3,-0.84769237,0.065517932,,,,,
131996,3,-1.9052547,-0.21262626,,,,,
131998,3,0.90124667,1.7503133,,,,,
132140,3,-0.43134379,-0.021180753,,,,,
132152,3,-0.52152038,0.15648912,,,,,
132154,3,-0.2016726,-0.14803553,,,,,
132156,3,-0.59243459,-0.10634209,,,,,
132158,3,-0.53703171,-0.095661037,,,,,
132160,3,-0.22483674,-0.35561275,,,,,
132164,3,-0.85204446,-0.46981221,,,,,
132170,3,-1.340928,-0.68346018,,,,,
132176,3,-1.0982645,-0.36411569,,,,,
132178,3,-0.84441662,-0.36310488,,,,,
132180,3,-2.2047508,-1.7466308,,,,,
132184,3,-2.122381,-0.85291719,,,,,
132186,3,-2.4369168,-0.45938143,,,,,
132188,3,-0.06400758,0.51289535,,,,,
132220,3,-1.0256599,0.13443245,,,,,
132226,3,-0.016963303,-0.1694448,,,,,
132228,3,-0.81588799,0.79608232,,,,,
132234,3,0.031371564,0.073438548,,,,,
132236,3,-2.094156,-1.0621202,,,,,
132252,3,-0.68132639,-0.69401467,,,,,
132254,3,-0.20624024,-0.092757039,,,,,
132286,3,1.2701961,1.5750946,,,,,
132302,3,-0.27704719,0.12860836,,,,,
132310,3,-2.7779708,-1.9734892,,,,,
132316,3,0.113523,0.39493158,,,,,
132328,3,0.081119858,0.93990213,,,,,
132330,3,-0.22939631,0.28167695,,,,,
132332,3,-1.2754632,-1.0733371,,,,,
132338,3,-2.9153707,-2.362385,,,,,
132346,3,-2.6705639,-1.9137455,,,,,
132348,3,-0.25190398,0.36413381,,,,,
132350,3,-0.39273983,-0.017702663,,,,,
132402,3,1.2203468,0.44540128,,,,,
132420,3,-0.61330295,0.983136,,,,,
132432,3,-1.5483966,0.63329887,,,,,
132438,3,-0.58890784,1.6093916,,,,,
132466,3,0.096736401,-0.54344308,,,,,
132468,3,-0.038433235,0.52697122,,,,,
132472,3,-1.9447089,-1.6208506,,,,,
132474,3,-2.7182827,-0.43895951,,,,,
132480,3,-0.64287519,-0.30574679,,,,,
132486,3,-0.64848191,0.18281895,,,,,
132488,3,-0.37586066,-0.1535292,,,,,
132492,3,-0.26335377,0.33468366,,,,,
132504,3,-0.53422773,-0.2587688,,,,,
132514,3,-2.4936833,-1.9293865,,,,,
132516,3,-0.99808192,-1.4401311,,,,,
132520,3,0.1292012,0.10268325,,,,,
132522,3,-0.089478798,0.3480497,,,,,
132526,3,-0.52638453,0.62700093,,,,,
132532,3,-0.18019335,0.39738476,,,,,
132538,3,-0.47485352,0.025725091,,,,,
132558,3,-1.7998635,0.80104864,,,,,
132562,3,-0.57509488,-0.024333451,,,,,
132566,3,-1.0646186,-0.16831866,,,,,
132574,3,-0.56886387,1.2554262,,,,,
132578,3,-2.1105804,-1.9357327,,,,,
132580,3,-1.5735424,-1.47519,,,,,
132700,3,0.11097504,0.80684185,,,,,
132702,3,-0.71293056,0.33185297,,,,,
132710,3,0.69061786,1.2797303,,,,,
132714,3,-0.84673089,-0.1194196,,,,,
132718,3,-0.70589215,-0.021422921,,,,,
132724,3,-0.16247308,0.38222989,,,,,
132726,3,-0.10414198,0.12424941,,,,,
132732,3,-0.37551019,-0.29526687,,,,,
132734,3,-1.1238921,-1.1222068,,,,,
132750,3,-0.19795159,-0.29335195,,,,,
132752,3,-0.031939633,0.3191539,,,,,
132756,3,-0.050976079,0.50790775,,,,,
132758,3,-0.10247303,0.27316543,,,,,
132760,3,-0.96064955,0.11622375,,,,,
132766,3,-0.070481472,0.77821118,,,,,
132770,3,0.40311766,0.77500325,,,,,
132782,3,-0.30457118,0.45614135,,,,,
132784,3,0.051045824,0.23990878,,,,,
132786,3,-0.027853176,0.69799602,,,,,
132790,3,-2.6345835,-0.32436949,,,,,
132792,3,-2.3084121,0.02446042,,,,,
132798,3,0.10637031,0.7613585,,,,,
132806,3,0.2735137,0.5166015,,,,,
132808,3,-0.25262481,0.18327039,,,,,
132812,3,-0.29516578,0.008164775,,,,,
132820,3,-0.33442825,-0.005304423,,,,,
132830,3,0.027259381,0.36706284,,,,,
132832,3,1.1983598,1.2090242,,,,,
132864,3,-0.84479058,-0.27758434,,,,,
132884,3,-0.20706904,0.78975111,,,,,
132892,3,0.019061456,0.35492861,,,,,
132894,3,0.51099807,0.5730446,,,,,
132900,3,0.1946767,-0.14545853,,,,,
132904,3,0.37880537,0.58423233,,,,,
132906,3,0.10412248,0.47305542,,,,,
132916,3,0.61975956,0.32651016,,,,,
132918,3,-0.53430772,0.18479973,,,,,
132922,3,-0.42607296,0.49852601,,,,,
133078,3,-2.2011642,-1.5140306,,,,,
133082,3,0.16137102,0.52881253,,,,,
133084,3,-0.81041867,-0.11124221,,,,,
133092,3,0.50747883,1.1201109,,,,,
133102,3,0.017550036,0.70037532,,,,,
133110,3,-2.5629163,-1.8921783,,,,,
133112,3,0.10798702,0.6433453,,,,,
133116,3,0.34066585,0.68419689,,,,,
133122,3,-1.421953,-1.3416196,,,,,
133124,3,-0.041517079,0.75864762,,,,,
133134,3,0.13361941,0.10835134,,,,,
133136,3,0.69161648,1.3525649,,,,,
133140,3,-1.972253,-1.5257362,,,,,
133280,3,-1.469269,0.170895,,,,,
133306,3,-0.20623867,0.32285139,,,,,
133334,3,-0.22721872,0.062564641,,,,,
133338,3,-0.76426494,-0.14776824,,,,,
133374,3,-1.9205879,-0.056845374,,,,,
133402,3,-0.24064738,-0.093657158,,,,,
133422,3,1.9499836,0.71046245,,,,,
133478,3,-0.73207027,-0.29062313,,,,,
133486,3,0.14077052,0.77334756,,,,,
133494,3,-2.8668427,-0.11055744,,,,,
133498,3,-0.55087996,-0.072591372,,,,,
133502,3,-2.117075,0.11242792,,,,,
133508,3,0.99520874,1.0739816,,,,,
133596,3,-1.6267943,0.20291568,,,,,
133606,3,-0.6708529,-0.38547516,,,,,
133612,3,0.26410663,0.62585163,,,,,
133618,3,-2.8727088,-2.2654402,,,,,
133626,3,-2.0820265,-1.6556361,,,,,
133628,3,0.50311571,1.0467266,,,,,
133630,3,-0.68751591,0.30430317,,,,,
133642,3,-0.059609246,0.57186204,,,,,
133644,3,-0.65869325,0.10370465,,,,,
133648,3,-0.13124338,0.1443906,,,,,
133650,3,-1.1137215,-0.34550321,,,,,
133652,3,-0.4564693,0.16221772,,,,,
133662,3,-0.34517771,0.16274306,,,,,
133668,3,-0.63613194,-0.13248917,,,,,
133674,3,-3.1320436,0.004957376,,,,,
133676,3,-0.6620245,-0.30776313,,,,,
133680,3,-0.43088397,0.20570022,,,,,
133682,3,-0.59855878,0.52339363,,,,,
133688,3,0.313936,-0.9496268,,,,,
133690,3,-0.14063019,0.42621151,,,,,
133872,3,-0.13104333,-0.10794898,,,,,
133878,3,-1.2533904,-0.63976473,,,,,
133896,3,-1.7097192,-1.6661813,,,,,
133916,3,-0.41863889,0.4614445,,,,,
133918,3,0.097916909,0.32113731,,,,,
133936,3,-0.85051715,0.086903766,,,,,
133942,3,-0.031754244,0.27503505,,,,,
133946,3,-0.61269248,-0.26409933,,,,,
133954,3,-0.46796575,-0.010275505,,,,,
133956,3,-0.041753687,0.46586263,,,,,
133966,3,0.14708823,0.73802096,,,,,
133972,3,0.086888678,0.29380554,,,,,
133986,3,-1.1448885,0.20216057,,,,,
134004,3,-1.550756,0.87574643,,,,,
134022,3,-1.793026,-1.8521903,,,,,
134034,3,0.092512555,0.22818564,,,,,
134040,3,-0.11203282,0.60403264,,,,,
134046,3,-1.7215006,0.70852923,,,,,
134050,3,-1.9148866,0.34883374,,,,,
134058,3,-1.5010606,-0.19868363,,,,,
134066,3,0.56184584,0.6215691,,,,,
134076,3,-0.569929,0.003388621,,,,,
134086,3,-1.515789,0.20832014,,,,,
134116,3,-0.99474174,0.065205924,,,,,
134118,3,0.69848454,0.34977412,,,,,
134388,3,-1.121634,-1.1228302,,,,,
134398,3,-0.21447204,0.13948199,,,,,
134400,3,-0.56220418,-0.20836881,,,,,
134410,3,-0.34698966,0.1270228,,,,,
134412,3,-0.032016758,0.55077964,,,,,
134426,3,-0.68840688,0.65901011,,,,,
134440,3,-0.97710335,-0.79182023,,,,,
134444,3,0.41904116,0.51789594,,,,,
134446,3,-0.98296142,0.023268003,,,,,
134468,3,0.10423772,0.78308135,,,,,
134486,3,-0.57791674,0.61763334,,,,,
134490,3,0.17443573,0.91134679,,,,,
134498,3,0.1352492,0.23717013,,,,,
134502,3,-2.6169665,-0.06066421,,,,,
134512,3,0.20741694,0.67691928,,,,,
134522,3,-1.7193673,-0.14131358,,,,,
134524,3,0.47225949,0.65367413,,,,,
134568,3,0.41099742,0.48108149,,,,,
134570,3,-0.20509975,-0.086030141,,,,,
134576,3,-0.6081382,1.5319116,,,,,
134586,3,-1.3249881,-0.91148502,,,,,
134674,3,-0.22751373,-0.078975767,,,,,
134676,3,0.030254528,0.16112408,,,,,
134684,3,-0.21550789,0.14110313,,,,,
134686,3,-0.18900283,0.34037814,,,,,
134688,3,-2.6764059,-1.9928826,,,,,
134690,3,-0.14990129,0.81095523,,,,,
134700,3,-0.65883833,-0.13120213,,,,,
134704,3,-0.66647291,-0.10523066,,,,,
134712,3,-2.4264095,-0.68028665,,,,,
134718,3,-0.15928668,0.21623045,,,,,
134724,3,0.34750304,1.3854511,,,,,
134884,3,-0.27534744,0.54005599,,,,,
134888,3,-0.043487664,0.66125065,,,,,
134930,3,-0.45252439,-0.28252798,,,,,
134936,3,-0.83674866,0.5795728,,,,,
134950,3,-0.031847246,0.56859952,,,,,
134954,3,-0.099798582,-0.01154526,,,,,
134958,3,-1.3302335,0.177267,,,,,
134962,3,-1.869048,0.13768059,,,,,
134992,3,-0.62110484,-0.10789721,,,,,
134996,3,-0.37298265,-0.097554632,,,,,
134998,3,-2.386224,-0.14010584,,,,,
135004,3,-2.2755694,0.28419748,,,,,
135008,3,-0.79823685,-0.12865585,,,,,
135012,3,0.036379874,0.22379547,,,,,
135014,3,0.034952413,0.50513572,,,,,
135018,3,-1.5614766,0.44733313,,,,,
135052,3,-0.48641965,-0.12838618,,,,,
135054,3,-1.9078331,1.4829251,,,,,
135058,3,-0.56533867,-0.44414109,,,,,
135064,3,0.24798179,2.1433651,,,,,
135084,3,-0.18020044,-0.39755255,,,,,
135086,3,-2.0062273,0.62513816,,,,,
135090,3,0.040181357,0.34126776,,,,,
135114,3,0.31845456,0.50867808,,,,,
135116,3,-1.6382132,-0.94810104,,,,,
135142,3,0.062468477,0.23512827,,,,,
135144,3,-0.33806118,1.1180146,,,,,
135158,3,-1.8597759,0.59149247,,,,,
135160,3,-0.49339494,0.044240247,,,,,
135178,3,-0.40874264,-0.58928686,,,,,
135180,3,-0.12630327,0.45637909,,,,,
135182,3,-0.3913967,0.61680514,,,,,
135184,3,-0.32698318,0.55694717,,,,,
135188,3,-0.005471753,0.4880138,,,,,
135192,3,-2.6513274,-0.32113782,,,,,
135196,3,0.090272166,0.37435034,,,,,
135300,3,-0.1730289,0.13478567,,,,,
135304,3,-2.6461413,0.37218818,,,,,
135308,3,-0.35081577,0.29179531,,,,,
135312,3,-0.81412071,-0.26399726,,,,,
135320,3,-0.76980191,-0.30501479,,,,,
135328,3,0.13977131,0.33365282,,,,,
135330,3,0.41277775,0.35794696,,,,,
135340,3,-2.5524428,0.1329985,,,,,
135348,3,-0.17947365,0.48267543,,,,,
135374,3,-0.21317351,-0.013258751,,,,,
135380,3,-2.4710083,0.10752101,,,,,
135384,3,-2.5281935,0.13875532,,,,,
135390,3,-1.5054158,0.20490411,,,,,
135392,3,-0.13733439,0.43567154,,,,,
135496,3,-1.1595081,0.096864015,,,,,
135502,3,-2.2040145,0.029730828,,,,,
135504,3,-0.016517013,0.58075392,,,,,
135512,3,-2.3760667,-0.19555064,,,,,
135514,3,-0.004885629,0.22155458,,,,,
135520,3,-0.35229066,0.3410508,,,,,
135524,3,-0.22018631,0.071505241,,,,,
135530,3,-0.21822646,0.5281381,,,,,
135532,3,0.2281331,0.62798834,,,,,
135540,3,0.14467274,0.81196511,,,,,
135544,3,-0.38971934,-0.019370131,,,,,
135546,3,-0.20012665,0.14998515,,,,,
135548,3,-2.3138857,-0.038474493,,,,,
135550,3,0.092888013,0.34684825,,,,,
135558,3,0.056270033,0.36304504,,,,,
135560,3,-0.70279193,0.62304944,,,,,
135564,3,-2.9422133,-0.62852335,,,,,
135638,3,-0.68187451,-0.010739599,,,,,
135642,3,0.25462687,0.3670451,,,,,
135646,3,-0.91049373,0.20733401,,,,,
135652,3,0.13372369,0.55573219,,,,,
135656,3,-0.99108857,-0.01785218,,,,,
135660,3,-0.23088852,-0.20215844,,,,,
135674,3,-0.37949592,-0.014099376,,,,,
135680,3,-1.9631455,-0.20231465,,,,,
135684,3,0.64343667,0.88516289,,,,,
135692,3,-0.35353553,0.10058873,,,,,
135696,3,-0.10224865,0.64392459,,,,,
135702,3,-1.6125935,0.12705119,,,,,
135746,3,-2.018229,0.60331166,,,,,
135754,3,-0.54431576,-0.53577787,,,,,
135756,3,-0.48305994,-0.46035108,,,,,
135810,3,0.61384445,0.68350482,,,,,
135816,3,-1.6300675,0.46690294,,,,,
135818,3,-1.4382269,0.23099412,,,,,
135826,3,0.23586774,0.30108029,,,,,
135828,3,-0.24815032,0.45524088,,,,,
135836,3,0.70450395,1.6589924,,,,,
136024,3,-0.23504263,0.51016015,,,,,
136026,3,-0.10212284,0.39130956,,,,,
136030,3,-0.59038705,-0.4798075,,,,,
136042,3,-0.20633295,0.14841694,,,,,
136062,3,-0.21162908,0.027333461,,,,,
136064,3,-0.177389,0.55850035,,,,,
136068,3,0.45587093,0.74953622,,,,,
136496,3,-0.11465678,0.49052709,,,,,
136506,3,-0.06819912,0.24600214,,,,,
136508,3,-1.8717444,0.46339008,,,,,
136526,3,-2.0380654,0.008907667,,,,,
136618,3,-3.4250979,0.87856162,,,,,
136626,3,-0.04225646,0.24419145,,,,,
136654,3,-1.129186,-0.68302405,,,,,
136668,3,-0.79929268,-0.40431458,,,,,
136670,3,-0.69194794,-0.098285787,,,,,
136672,3,-0.34044814,-0.3971501,,,,,
136674,3,-3.0198669,-0.43017942,,,,,
136678,3,-0.30056864,-0.20114058,,,,,
136684,3,-0.23146023,-0.043894056,,,,,
136688,3,-0.87077636,-0.30284747,,,,,
137394,3,0.28446123,0.25503176,,,,,
137406,3,-0.88797522,0.13397558,,,,,
137408,3,-0.40981284,0.88227421,,,,,
137412,3,-0.6150353,0.70242363,,,,,
137418,3,-0.60627407,1.3977621,,,,,
137420,3,-0.22547351,0.33017436,,,,,
137424,3,0.39070854,1.0050086,,,,,
137426,3,0.15069796,0.58521372,,,,,
137428,3,0.78999686,0.40221429,,,,,
137522,3,-0.26181483,0.10797884,,,,,
137526,3,-0.14311959,0.16164017,,,,,
137532,3,-1.3483242,0.50556207,,,,,
137534,3,-0.61456984,1.1360493,,,,,
137546,3,0.76910895,0.56196654,,,,,
137556,3,0.6627779,1.1938113,,,,,
137558,3,-0.013718864,0.24053107,,,,,
137568,3,0.048701655,0.23699085,,,,,
137892,3,0.51486474,0.56131965,,,,,
137894,3,0.57294118,0.8871423,,,,,
137904,3,-1.7973231,0.26470932,,,,,
137906,3,-0.21677099,0.41964647,,,,,
137914,3,0.17128283,0.19959116,,,,,
137916,3,-1.6442825,1.4731817,,,,,
137918,3,-0.01375103,-0.052847348,,,,,
137922,3,0.22061618,0.75143081,,,,,
137924,3,-0.17773463,0.051687844,,,,,
137926,3,-0.59150636,1.0657396,,,,,
137928,3,-1.1209058,-0.25405121,,,,,
138390,3,0.6522947,0.86549413,,,,,
138396,3,-0.098124862,0.56430227,,,,,
138400,3,-0.61388278,-0.49676004,,,,,
138402,3,-0.89031357,0.000361821,,,,,
138410,3,1.6052752,0.72256488,,,,,
138414,3,-1.0074124,-0.053840891,,,,,
138418,3,0.02877214,0.36877912,,,,,
138424,3,-0.013533561,-0.056648426,,,,,
138426,3,0.008023999,-0.028670324,,,,,
138430,3,0.82016683,0.65788525,,,,,
138444,3,-1.4464655,0.55140764,,,,,
138446,3,0.17453867,0.013686333,,,,,
138460,3,-0.85581183,0.19025981,,,,,
138466,3,-0.10238146,0.6329425,,,,,
138470,3,-0.85052997,0.48343018,,,,,
138476,3,-0.58263642,0.37973672,,,,,
138482,3,-0.17023274,-0.062404592,,,,,
138718,3,0.77360249,0.52678072,,,,,
141814,3,0.19310394,0.30335116,,,,,
141818,3,-0.048226986,0.081480771,,,,,